datetime,open,high,low,close,volume
2024-01-01 04:00:00,2273.8,2287.88,2265.24,2284.67,28107.5133
2024-01-01 08:00:00,2284.68,2305.05,2280.0,2304.47,27894.1092
2024-01-01 12:00:00,2304.47,2318.34,2294.84,2314.7,32165.8522
2024-01-01 16:00:00,2314.69,2340.98,2306.48,2337.26,46802.2526
2024-01-01 20:00:00,2337.27,2352.37,2323.66,2352.04,45993.6305
2024-01-02 00:00:00,2352.05,2397.56,2346.95,2386.43,99666.5004
2024-01-02 04:00:00,2386.42,2392.4,2373.69,2385.84,50541.6586
2024-01-02 08:00:00,2385.84,2431.3,2380.09,2391.24,106170.146
2024-01-02 12:00:00,2391.24,2404.68,2352.04,2357.48,88164.7305
2024-01-02 16:00:00,2357.48,2372.75,2350.19,2369.19,56961.7444
2024-01-02 20:00:00,2369.19,2380.0,2341.0,2355.34,56536.8843
2024-01-03 00:00:00,2355.35,2384.66,2347.4,2368.51,46709.8425
2024-01-03 04:00:00,2368.51,2380.9,2356.99,2361.64,46554.4864
2024-01-03 08:00:00,2361.65,2385.45,2294.01,2307.68,108706.848
2024-01-03 12:00:00,2307.99,2308.6,2100.0,2240.4,369717.4363
2024-01-03 16:00:00,2240.39,2245.33,2188.0,2206.53,152307.7741
2024-01-03 20:00:00,2206.54,2227.87,2196.23,2209.72,74733.0996
2024-01-04 00:00:00,2209.72,2239.79,2201.91,2231.08,59330.807
2024-01-04 04:00:00,2231.07,2244.93,2220.0,2221.85,69021.4307
2024-01-04 08:00:00,2221.85,2230.71,2205.0,2228.14,61027.0652
2024-01-04 12:00:00,2228.13,2285.99,2222.7,2276.87,113391.0443
2024-01-04 16:00:00,2276.88,2294.08,2259.1,2274.27,91424.2633
2024-01-04 20:00:00,2274.27,2294.69,2261.57,2267.11,54649.4445
2024-01-05 00:00:00,2267.11,2274.76,2212.0,2242.28,76882.3448
2024-01-05 04:00:00,2242.29,2265.72,2234.3,2252.75,58488.1076
2024-01-05 08:00:00,2252.75,2269.0,2233.23,2241.97,69688.8831
2024-01-05 12:00:00,2241.97,2253.64,2218.0,2224.99,87112.2909
2024-01-05 16:00:00,2225.0,2240.67,2206.17,2234.26,56104.9998
2024-01-05 20:00:00,2234.26,2277.21,2234.18,2268.78,57291.3744
2024-01-06 00:00:00,2268.78,2270.0,2250.4,2252.99,29406.1886
2024-01-06 04:00:00,2253.0,2255.66,2216.4,2233.12,50658.6262
2024-01-06 08:00:00,2233.13,2240.0,2228.58,2238.67,27814.5757
2024-01-06 12:00:00,2238.67,2248.32,2228.37,2246.4,41078.7707
2024-01-06 16:00:00,2246.41,2254.77,2237.5,2244.63,22234.5726
2024-01-06 20:00:00,2244.64,2247.5,2230.62,2240.78,22875.1318
2024-01-07 00:00:00,2240.77,2254.03,2235.58,2242.2,27632.6356
2024-01-07 04:00:00,2242.19,2251.44,2241.0,2249.15,21360.1339
2024-01-07 08:00:00,2249.15,2253.0,2230.26,2237.04,29108.3733
2024-01-07 12:00:00,2237.05,2258.01,2222.46,2230.83,49500.438
2024-01-07 16:00:00,2230.83,2249.98,2221.0,2248.6,30625.9852
2024-01-07 20:00:00,2248.6,2251.27,2203.46,2221.42,48911.1267
2024-01-08 00:00:00,2221.42,2224.41,2166.38,2190.87,90216.8028
2024-01-08 04:00:00,2190.88,2230.0,2188.0,2224.08,62506.4396
2024-01-08 08:00:00,2224.07,2242.0,2204.47,2240.61,56230.0287
2024-01-08 12:00:00,2240.61,2283.02,2239.81,2269.59,113126.5618
2024-01-08 16:00:00,2269.59,2358.2,2259.39,2354.56,159339.9284
2024-01-08 20:00:00,2354.57,2357.79,2325.36,2330.44,57987.7934
2024-01-09 00:00:00,2330.43,2336.7,2289.98,2309.13,71375.7143
2024-01-09 04:00:00,2309.12,2319.01,2297.26,2306.05,34995.7766
2024-01-09 08:00:00,2306.05,2311.3,2285.4,2298.76,45679.4185
2024-01-09 12:00:00,2298.77,2304.21,2226.78,2257.18,111002.1449
2024-01-09 16:00:00,2257.18,2278.03,2243.41,2270.91,54245.3963
2024-01-09 20:00:00,2270.91,2371.72,2247.72,2344.29,234156.5425
2024-01-10 00:00:00,2344.3,2400.53,2339.59,2361.51,131181.1198
2024-01-10 04:00:00,2361.5,2393.22,2358.0,2368.75,74187.4767
2024-01-10 08:00:00,2368.75,2431.0,2362.64,2402.21,135704.7135
2024-01-10 12:00:00,2402.21,2456.0,2342.0,2449.3,208501.6899
2024-01-10 16:00:00,2449.3,2481.59,2400.71,2477.9,151178.7396
2024-01-10 20:00:00,2477.9,2643.1,2411.0,2584.38,337634.9265
2024-01-11 00:00:00,2584.37,2614.76,2566.01,2613.01,123879.4331
2024-01-11 04:00:00,2613.0,2630.0,2573.01,2589.15,125604.3082
2024-01-11 08:00:00,2589.15,2665.74,2586.66,2657.9,107315.6155
2024-01-11 12:00:00,2657.89,2689.39,2593.6,2613.19,266549.6639
2024-01-11 16:00:00,2613.19,2625.13,2570.0,2622.07,142383.1743
2024-01-11 20:00:00,2622.07,2632.28,2587.48,2618.01,72980.0627
2024-01-12 00:00:00,2618.01,2624.29,2580.0,2589.81,59022.5645
2024-01-12 04:00:00,2589.81,2626.43,2585.62,2595.73,77766.0906
2024-01-12 08:00:00,2595.72,2667.99,2584.11,2647.59,117234.1929
2024-01-12 12:00:00,2647.58,2717.32,2634.0,2647.02,240727.7862
2024-01-12 16:00:00,2647.02,2688.83,2560.71,2584.43,205091.027
2024-01-12 20:00:00,2584.44,2598.2,2458.0,2522.54,187616.1015
2024-01-13 00:00:00,2522.55,2557.15,2497.5,2548.53,110026.1804
2024-01-13 04:00:00,2548.53,2561.68,2539.2,2550.99,48963.4871
2024-01-13 08:00:00,2550.99,2560.55,2521.18,2542.5,69772.9872
2024-01-13 12:00:00,2542.5,2566.19,2531.15,2563.83,68807.0084
2024-01-13 16:00:00,2563.83,2580.0,2550.0,2571.91,85176.9231
2024-01-13 20:00:00,2571.91,2590.0,2562.8,2578.19,39314.6458
2024-01-14 00:00:00,2578.18,2578.69,2549.72,2550.99,47916.0221
2024-01-14 04:00:00,2551.0,2555.88,2541.8,2550.83,50188.6072
2024-01-14 08:00:00,2550.84,2553.8,2534.58,2538.0,34210.4543
2024-01-14 12:00:00,2538.01,2546.58,2524.39,2537.68,40228.5753
2024-01-14 16:00:00,2537.68,2543.97,2500.0,2501.0,51466.1801
2024-01-14 20:00:00,2500.99,2531.93,2470.0,2472.87,82197.9073
2024-01-15 00:00:00,2472.87,2513.91,2470.92,2503.32,94132.6456
2024-01-15 04:00:00,2503.32,2521.0,2502.97,2513.29,31632.2618
2024-01-15 08:00:00,2513.29,2542.86,2506.88,2539.35,37060.7093
2024-01-15 12:00:00,2539.36,2549.02,2505.8,2514.49,71124.084
2024-01-15 16:00:00,2514.49,2553.82,2514.05,2534.7,49430.7011
2024-01-15 20:00:00,2534.69,2539.38,2500.33,2511.78,31867.4801
2024-01-16 00:00:00,2511.79,2538.23,2505.0,2537.6,38349.9318
2024-01-16 04:00:00,2537.6,2542.14,2522.3,2528.26,35810.3588
2024-01-16 08:00:00,2528.25,2549.38,2521.98,2530.77,53355.1576
2024-01-16 12:00:00,2530.78,2570.79,2500.05,2559.44,109503.6633
2024-01-16 16:00:00,2559.44,2579.62,2548.63,2574.06,70677.2296
2024-01-16 20:00:00,2574.06,2614.43,2571.79,2587.4,73381.2836
2024-01-17 00:00:00,2587.41,2592.97,2571.17,2571.43,48038.2175
2024-01-17 04:00:00,2571.43,2575.57,2551.81,2552.52,45563.8461
2024-01-17 08:00:00,2552.53,2554.06,2534.4,2542.85,54881.3893
2024-01-17 12:00:00,2542.86,2574.75,2532.67,2539.46,108148.7638
2024-01-17 16:00:00,2539.47,2544.75,2517.22,2533.29,63038.6412
2024-01-17 20:00:00,2533.29,2544.81,2506.75,2530.19,46610.4898
2024-01-18 00:00:00,2530.2,2533.44,2510.03,2529.94,43878.1518
2024-01-18 04:00:00,2529.95,2540.69,2524.72,2538.99,55578.4053
2024-01-18 08:00:00,2538.99,2550.0,2514.04,2522.41,71641.1117
2024-01-18 12:00:00,2522.42,2535.27,2503.77,2525.64,58661.4467
2024-01-18 16:00:00,2525.65,2526.15,2430.0,2439.5,147653.6733
2024-01-18 20:00:00,2439.5,2472.86,2428.56,2470.81,74677.3186
2024-01-19 00:00:00,2470.81,2474.59,2443.13,2460.4,56987.9341
2024-01-19 04:00:00,2460.4,2474.82,2456.63,2465.51,39586.0535
2024-01-19 08:00:00,2465.5,2496.62,2460.44,2488.97,49510.6618
2024-01-19 12:00:00,2488.98,2499.87,2460.37,2462.98,75418.5116
2024-01-19 16:00:00,2462.98,2504.0,2415.2,2493.37,160809.6453
2024-01-19 20:00:00,2493.37,2504.2,2481.0,2492.0,41896.1966
2024-01-20 00:00:00,2491.99,2492.0,2475.0,2481.22,27693.8609
2024-01-20 04:00:00,2481.22,2486.27,2475.29,2478.47,17455.254
2024-01-20 08:00:00,2478.48,2480.07,2463.31,2470.59,26271.5669
2024-01-20 12:00:00,2470.58,2475.91,2458.33,2463.83,24490.7953
2024-01-20 16:00:00,2463.83,2467.81,2454.2,2461.52,20922.7838
2024-01-20 20:00:00,2461.52,2474.88,2460.2,2472.01,19786.6968
2024-01-21 00:00:00,2472.02,2481.0,2465.0,2475.42,19309.4476
2024-01-21 04:00:00,2475.43,2476.07,2466.64,2476.06,13416.8352
2024-01-21 08:00:00,2476.06,2482.18,2471.98,2473.65,19343.1192
2024-01-21 12:00:00,2473.65,2481.05,2464.08,2468.01,30747.8267
2024-01-21 16:00:00,2468.01,2478.49,2464.16,2474.26,18074.1371
2024-01-21 20:00:00,2474.27,2475.4,2452.13,2457.05,21680.8029
2024-01-22 00:00:00,2457.06,2466.1,2424.0,2437.56,51796.1991
2024-01-22 04:00:00,2437.56,2438.69,2402.5,2420.8,69828.4902
2024-01-22 08:00:00,2420.8,2420.8,2361.6,2381.34,112462.0915
2024-01-22 12:00:00,2381.34,2404.97,2353.61,2379.61,100569.7707
2024-01-22 16:00:00,2379.6,2385.08,2305.27,2321.87,110415.0315
2024-01-22 20:00:00,2321.88,2351.53,2303.59,2314.2,81266.0662
2024-01-23 00:00:00,2314.19,2342.95,2312.67,2339.16,50633.3738
2024-01-23 04:00:00,2339.16,2352.23,2316.12,2323.49,64102.031
2024-01-23 08:00:00,2323.49,2326.83,2203.11,2218.14,207719.5356
2024-01-23 12:00:00,2218.14,2232.98,2168.07,2219.39,186789.2874
2024-01-23 16:00:00,2219.39,2232.01,2181.0,2185.7,116348.04
2024-01-23 20:00:00,2185.69,2248.21,2183.04,2242.6,74513.0636
2024-01-24 00:00:00,2242.6,2255.66,2211.64,2213.45,74939.3684
2024-01-24 04:00:00,2213.46,2244.98,2213.15,2234.51,42061.0474
2024-01-24 08:00:00,2234.5,2264.6,2229.0,2244.16,55886.0094
2024-01-24 12:00:00,2244.16,2248.19,2218.3,2234.88,72666.9549
2024-01-24 16:00:00,2234.89,2244.52,2203.32,2213.13,62095.218
2024-01-24 20:00:00,2213.13,2239.8,2196.12,2235.02,52202.5515
2024-01-25 00:00:00,2235.02,2239.6,2206.32,2216.88,37868.1415
2024-01-25 04:00:00,2216.88,2227.71,2203.37,2227.64,29131.2277
2024-01-25 08:00:00,2227.64,2242.89,2216.75,2231.59,51727.1268
2024-01-25 12:00:00,2231.59,2234.2,2181.91,2188.0,77392.8943
2024-01-25 16:00:00,2188.0,2224.55,2171.3,2218.21,89742.5797
2024-01-25 20:00:00,2218.22,2231.65,2212.23,2218.64,44564.6361
2024-01-26 00:00:00,2218.64,2237.8,2211.12,2223.42,35294.6491
2024-01-26 04:00:00,2223.41,2229.6,2195.84,2197.47,46685.7379
2024-01-26 08:00:00,2197.46,2260.66,2195.99,2254.02,93994.3241
2024-01-26 12:00:00,2254.02,2265.19,2234.46,2257.9,71448.4567
2024-01-26 16:00:00,2257.89,2282.36,2251.07,2258.51,83899.1179
2024-01-26 20:00:00,2258.51,2272.0,2252.49,2267.68,32244.1398
2024-01-27 00:00:00,2267.67,2282.94,2265.23,2274.13,29021.002
2024-01-27 04:00:00,2274.13,2276.56,2253.41,2258.45,23564.103
2024-01-27 08:00:00,2258.45,2271.49,2251.4,2265.48,26251.635
2024-01-27 12:00:00,2265.48,2275.1,2262.13,2270.18,20075.0044
2024-01-27 16:00:00,2270.18,2277.49,2261.35,2272.69,20371.0644
2024-01-27 20:00:00,2272.7,2275.69,2261.47,2267.94,25826.5748
2024-01-28 00:00:00,2267.94,2289.0,2263.0,2287.17,33602.0418
2024-01-28 04:00:00,2287.17,2308.24,2281.81,2282.92,41971.8164
2024-01-28 08:00:00,2282.91,2301.41,2276.97,2281.08,38463.3915
2024-01-28 12:00:00,2281.08,2286.08,2261.91,2270.17,36587.2898
2024-01-28 16:00:00,2270.17,2276.0,2245.03,2253.89,31196.0233
2024-01-28 20:00:00,2253.88,2266.41,2239.89,2256.9,27506.3459
2024-01-29 00:00:00,2256.9,2278.19,2250.57,2272.11,32243.9103
2024-01-29 04:00:00,2272.11,2274.23,2258.28,2259.4,26255.5557
2024-01-29 08:00:00,2259.39,2277.0,2253.98,2264.17,35480.6721
2024-01-29 12:00:00,2264.17,2275.93,2233.8,2275.8,65353.6979
2024-01-29 16:00:00,2275.81,2315.45,2265.54,2293.46,104403.977
2024-01-29 20:00:00,2293.46,2322.34,2292.21,2317.6,41790.2646
2024-01-30 00:00:00,2317.61,2327.97,2304.0,2311.4,47782.9934
2024-01-30 04:00:00,2311.4,2314.69,2301.0,2309.29,33422.5483
2024-01-30 08:00:00,2309.3,2318.22,2302.82,2314.01,31528.5593
2024-01-30 12:00:00,2314.0,2347.55,2297.0,2340.91,105850.5005
2024-01-30 16:00:00,2340.91,2381.0,2335.73,2374.93,102121.7792
2024-01-30 20:00:00,2374.93,2391.98,2337.06,2343.01,52173.1984
2024-01-31 00:00:00,2343.0,2351.6,2327.27,2342.91,52908.7697
2024-01-31 04:00:00,2342.9,2344.55,2330.0,2340.84,33082.3567
2024-01-31 08:00:00,2340.84,2343.52,2280.77,2300.18,80945.5262
2024-01-31 12:00:00,2300.18,2333.0,2291.69,2329.42,75344.0954
2024-01-31 16:00:00,2329.42,2350.3,2309.51,2323.38,84379.6531
2024-01-31 20:00:00,2323.39,2324.67,2263.57,2283.14,70455.7848
2024-02-01 00:00:00,2283.15,2289.6,2240.0,2257.21,68099.1604
2024-02-01 04:00:00,2257.2,2277.78,2251.91,2271.96,48678.6864
2024-02-01 08:00:00,2271.95,2278.12,2265.2,2266.66,33862.5597
2024-02-01 12:00:00,2266.67,2308.45,2263.2,2288.88,71094.1048
2024-02-01 16:00:00,2288.89,2311.72,2267.54,2304.79,61350.694
2024-02-01 20:00:00,2304.79,2309.78,2287.0,2304.28,27912.2485
2024-02-02 00:00:00,2304.28,2320.48,2298.54,2301.66,33767.1517
2024-02-02 04:00:00,2301.66,2319.81,2296.87,2313.73,40604.8215
2024-02-02 08:00:00,2313.73,2319.37,2305.01,2318.36,30964.7091
2024-02-02 12:00:00,2318.36,2324.74,2281.94,2313.99,68104.1247
2024-02-02 16:00:00,2314.0,2323.88,2286.69,2301.41,46415.986
2024-02-02 20:00:00,2301.42,2310.0,2295.05,2309.06,18373.718
2024-02-03 00:00:00,2309.07,2329.98,2306.75,2321.45,33042.1771
2024-02-03 04:00:00,2321.45,2325.28,2313.46,2314.39,16058.75
2024-02-03 08:00:00,2314.38,2316.39,2300.24,2303.89,19307.6667
2024-02-03 12:00:00,2303.88,2309.65,2292.75,2303.64,23197.0303
2024-02-03 16:00:00,2303.65,2313.88,2297.0,2303.46,26479.7836
2024-02-03 20:00:00,2303.45,2305.69,2293.83,2296.49,15147.4373
2024-02-04 00:00:00,2296.5,2306.53,2291.0,2302.96,15488.8829
2024-02-04 04:00:00,2302.97,2303.61,2287.0,2290.78,22543.3432
2024-02-04 08:00:00,2290.79,2309.99,2286.71,2305.62,21035.5712
2024-02-04 12:00:00,2305.62,2309.66,2297.46,2301.68,23055.0468
2024-02-04 16:00:00,2301.67,2308.48,2266.0,2279.65,41928.864
2024-02-04 20:00:00,2279.64,2311.0,2273.73,2289.79,47180.3363
2024-02-05 00:00:00,2289.79,2297.77,2269.11,2296.27,30890.8697
2024-02-05 04:00:00,2296.28,2312.32,2289.45,2310.17,29353.0217
2024-02-05 08:00:00,2310.18,2332.9,2310.17,2329.62,47957.6175
2024-02-05 12:00:00,2329.63,2338.41,2294.21,2298.71,53343.5684
2024-02-05 16:00:00,2298.72,2312.56,2291.0,2304.48,40164.2658
2024-02-05 20:00:00,2304.49,2305.99,2283.63,2301.83,34901.0689
2024-02-06 00:00:00,2301.84,2329.78,2299.0,2316.85,36531.3539
2024-02-06 04:00:00,2316.85,2327.86,2308.19,2327.16,44988.0828
2024-02-06 08:00:00,2327.16,2344.0,2316.9,2325.49,73698.1125
2024-02-06 12:00:00,2325.49,2349.0,2311.9,2343.74,79240.6473
2024-02-06 16:00:00,2343.73,2379.95,2340.37,2379.12,75091.5387
2024-02-06 20:00:00,2379.13,2392.4,2371.91,2372.64,59393.0146
2024-02-07 00:00:00,2372.63,2390.66,2363.0,2364.75,41317.0464
2024-02-07 04:00:00,2364.75,2368.76,2357.06,2362.92,33767.0711
2024-02-07 08:00:00,2362.91,2377.42,2354.0,2361.66,39126.261
2024-02-07 12:00:00,2361.67,2385.45,2361.0,2369.66,59497.1401
2024-02-07 16:00:00,2369.66,2425.46,2368.85,2419.96,101426.198
2024-02-07 20:00:00,2419.97,2444.44,2419.96,2425.1,67657.9847
2024-02-08 00:00:00,2425.09,2444.39,2423.94,2433.48,53661.7238
2024-02-08 04:00:00,2433.48,2435.32,2411.01,2421.21,37536.9421
2024-02-08 08:00:00,2421.2,2429.58,2416.06,2425.3,36635.157
2024-02-08 12:00:00,2425.29,2463.15,2416.63,2453.88,95794.0957
2024-02-08 16:00:00,2453.88,2455.69,2413.44,2421.53,78026.8601
2024-02-08 20:00:00,2421.54,2434.23,2418.49,2419.55,36385.2752
2024-02-09 00:00:00,2419.56,2466.0,2419.16,2448.67,61649.8305
2024-02-09 04:00:00,2448.67,2463.99,2440.19,2453.61,51527.0778
2024-02-09 08:00:00,2453.6,2507.4,2453.37,2503.2,93081.9973
2024-02-09 12:00:00,2503.19,2525.0,2476.57,2495.33,146517.4401
2024-02-09 16:00:00,2495.33,2523.66,2478.07,2485.96,96732.6886
2024-02-09 20:00:00,2485.96,2506.64,2483.89,2486.56,42875.3507
2024-02-10 00:00:00,2486.56,2514.8,2483.09,2512.21,29699.4745
2024-02-10 04:00:00,2512.21,2516.0,2494.49,2495.21,22753.0451
2024-02-10 08:00:00,2495.21,2498.74,2471.57,2483.1,39453.8054
2024-02-10 12:00:00,2483.11,2496.97,2480.76,2490.45,28535.3108
2024-02-10 16:00:00,2490.45,2497.51,2483.4,2497.51,21758.4841
2024-02-10 20:00:00,2497.51,2516.45,2492.21,2500.24,42899.4701
2024-02-11 00:00:00,2500.24,2529.02,2493.8,2529.02,45682.9934
2024-02-11 04:00:00,2529.02,2537.58,2514.76,2527.52,41606.5955
2024-02-11 08:00:00,2527.53,2539.63,2511.79,2531.28,35472.7823
2024-02-11 12:00:00,2531.29,2532.31,2505.0,2508.94,36711.6375
2024-02-11 16:00:00,2508.94,2520.58,2496.8,2507.73,33492.446
2024-02-11 20:00:00,2507.74,2514.31,2493.45,2507.21,27008.6924
2024-02-12 00:00:00,2507.22,2525.0,2493.01,2500.12,42358.2185
2024-02-12 04:00:00,2500.13,2504.34,2481.05,2501.71,28980.3075
2024-02-12 08:00:00,2501.7,2505.5,2472.0,2488.16,37628.5861
2024-02-12 12:00:00,2488.16,2563.17,2481.08,2557.87,103323.9498
2024-02-12 16:00:00,2557.87,2638.91,2536.63,2610.25,159218.3706
2024-02-12 20:00:00,2610.25,2665.58,2610.24,2659.99,77992.3435
2024-02-13 00:00:00,2659.99,2686.0,2635.96,2640.47,78634.0703
2024-02-13 04:00:00,2640.46,2654.38,2638.0,2648.64,45975.4913
2024-02-13 08:00:00,2648.64,2686.06,2647.07,2681.75,72813.2591
2024-02-13 12:00:00,2681.75,2686.12,2590.0,2630.99,176828.6022
2024-02-13 16:00:00,2631.0,2640.29,2592.37,2611.42,82295.8043
2024-02-13 20:00:00,2611.42,2648.6,2610.8,2639.99,45900.5178
2024-02-14 00:00:00,2639.99,2644.0,2618.4,2636.88,35113.1108
2024-02-14 04:00:00,2636.89,2654.53,2620.76,2653.05,32031.9024
2024-02-14 08:00:00,2653.04,2760.0,2647.58,2755.87,170408.392
2024-02-14 12:00:00,2755.86,2772.28,2730.32,2749.4,108875.4562
2024-02-14 16:00:00,2749.4,2766.5,2726.54,2761.8,71444.7686
2024-02-14 20:00:00,2761.8,2786.0,2754.89,2774.81,43797.0644
2024-02-15 00:00:00,2774.8,2825.75,2771.61,2801.39,96484.3047
2024-02-15 04:00:00,2801.39,2802.33,2759.25,2772.33,53929.1635
2024-02-15 08:00:00,2772.32,2801.97,2768.34,2793.21,47946.4747
2024-02-15 12:00:00,2793.22,2867.65,2775.91,2826.27,154814.1094
2024-02-15 16:00:00,2826.27,2841.44,2802.49,2834.13,72752.9189
2024-02-15 20:00:00,2834.13,2845.59,2786.2,2822.59,55762.2162
2024-02-16 00:00:00,2822.58,2857.4,2820.35,2846.18,54911.1123
2024-02-16 04:00:00,2846.18,2852.4,2811.75,2815.05,47742.241
2024-02-16 08:00:00,2815.05,2835.4,2794.31,2823.59,61565.7137
2024-02-16 12:00:00,2823.6,2847.22,2740.0,2776.01,123265.8598
2024-02-16 16:00:00,2776.01,2807.39,2756.75,2762.91,63579.0384
2024-02-16 20:00:00,2762.92,2810.0,2758.45,2801.8,27006.8385
2024-02-17 00:00:00,2801.81,2804.21,2777.64,2793.4,25515.1071
2024-02-17 04:00:00,2793.39,2798.51,2778.99,2795.57,27088.0962
2024-02-17 08:00:00,2795.56,2795.57,2765.22,2780.57,40578.7452
2024-02-17 12:00:00,2780.58,2786.96,2719.01,2754.33,82979.8313
2024-02-17 16:00:00,2754.33,2776.74,2742.73,2774.31,36486.165
2024-02-17 20:00:00,2774.32,2801.16,2771.49,2785.93,30654.9311
2024-02-18 00:00:00,2785.92,2797.4,2764.25,2781.68,52629.066
2024-02-18 04:00:00,2781.69,2806.99,2778.9,2801.0,54935.9695
2024-02-18 08:00:00,2801.0,2822.93,2796.66,2803.4,48407.202
2024-02-18 12:00:00,2803.4,2813.2,2785.89,2807.49,50249.4761
2024-02-18 16:00:00,2807.49,2844.5,2794.33,2827.86,56713.9124
2024-02-18 20:00:00,2827.86,2895.0,2817.09,2881.2,105052.2573
2024-02-19 00:00:00,2881.2,2893.0,2856.93,2886.78,54302.8822
2024-02-19 04:00:00,2886.79,2931.0,2880.84,2926.38,83869.8806
2024-02-19 08:00:00,2926.38,2928.36,2892.25,2913.2,60928.007
2024-02-19 12:00:00,2913.2,2919.79,2886.03,2908.93,60519.2607
2024-02-19 16:00:00,2908.93,2953.84,2887.29,2934.03,107377.9313
2024-02-19 20:00:00,2934.04,2984.52,2927.0,2944.8,79453.0783
2024-02-20 00:00:00,2944.8,2955.56,2903.31,2907.0,71050.264
2024-02-20 04:00:00,2907.0,2935.38,2902.38,2921.78,43204.184
2024-02-20 08:00:00,2921.78,2941.0,2874.56,2935.31,91806.162
2024-02-20 12:00:00,2935.3,3004.6,2900.0,2925.09,231505.7114
2024-02-20 16:00:00,2925.08,2987.0,2885.47,2985.98,109550.4288
2024-02-20 20:00:00,2985.98,3033.09,2966.23,3014.81,87564.9969
2024-02-21 00:00:00,3014.81,3017.15,2988.6,3005.14,60621.901
2024-02-21 04:00:00,3005.15,3010.0,2921.9,2940.54,93330.3468
2024-02-21 08:00:00,2940.54,2956.84,2887.23,2899.1,119570.0275
2024-02-21 12:00:00,2899.11,2928.31,2868.0,2914.81,149314.7272
2024-02-21 16:00:00,2914.81,2938.0,2886.0,2913.0,92144.8947
2024-02-21 20:00:00,2912.99,2980.0,2897.46,2967.9,80973.1061
2024-02-22 00:00:00,2967.91,2968.59,2906.51,2935.51,66660.5836
2024-02-22 04:00:00,2935.52,2998.0,2920.98,2993.79,107720.5121
2024-02-22 08:00:00,2993.79,3032.86,2971.0,2990.8,121730.7802
2024-02-22 12:00:00,2990.8,3005.0,2929.39,2986.95,117091.3468
2024-02-22 16:00:00,2986.95,3002.8,2960.93,2987.96,63631.0122
2024-02-22 20:00:00,2987.96,3036.02,2969.35,2971.4,86691.7587
2024-02-23 00:00:00,2971.4,2993.8,2932.81,2955.95,69733.6425
2024-02-23 04:00:00,2955.95,2967.89,2923.26,2933.62,64531.3777
2024-02-23 08:00:00,2933.61,2948.65,2913.3,2943.63,67902.8897
2024-02-23 12:00:00,2943.63,2962.77,2913.26,2916.07,102400.6433
2024-02-23 16:00:00,2916.06,2951.7,2906.05,2945.99,73339.4494
2024-02-23 20:00:00,2946.0,2953.98,2906.87,2922.24,50918.5761
2024-02-24 00:00:00,2922.25,2937.31,2906.4,2930.19,33518.2444
2024-02-24 04:00:00,2930.2,2965.55,2929.5,2964.07,66934.9875
2024-02-24 08:00:00,2964.07,2966.53,2948.21,2961.53,29162.5517
2024-02-24 12:00:00,2961.53,2968.9,2953.43,2955.47,27172.7014
2024-02-24 16:00:00,2955.47,3007.48,2955.47,2987.1,59623.5309
2024-02-24 20:00:00,2987.1,2995.9,2979.04,2992.62,27442.0624
2024-02-25 00:00:00,2992.62,3049.0,2983.61,3025.17,75215.5646
2024-02-25 04:00:00,3025.18,3048.0,3012.68,3029.99,61190.7683
2024-02-25 08:00:00,3030.0,3040.93,3010.49,3040.36,55328.0105
2024-02-25 12:00:00,3040.36,3074.03,3025.84,3043.62,76231.989
2024-02-25 16:00:00,3043.61,3088.0,3027.88,3081.6,61607.2026
2024-02-25 20:00:00,3081.6,3122.0,3081.42,3112.59,82732.6887
2024-02-26 00:00:00,3112.6,3135.65,3085.81,3107.8,65663.7413
2024-02-26 04:00:00,3107.81,3115.4,3086.1,3087.19,48676.8165
2024-02-26 08:00:00,3087.19,3102.84,3036.59,3057.42,119474.191
2024-02-26 12:00:00,3057.41,3145.95,3038.0,3145.6,110163.5896
2024-02-26 16:00:00,3145.59,3182.98,3120.0,3179.12,138015.9044
2024-02-26 20:00:00,3179.11,3196.0,3165.51,3175.94,64728.5319
2024-02-27 00:00:00,3175.95,3270.0,3160.02,3216.56,170143.5954
2024-02-27 04:00:00,3216.55,3239.01,3202.37,3217.5,109812.2489
2024-02-27 08:00:00,3217.51,3269.0,3216.61,3254.89,81830.9854
2024-02-27 12:00:00,3254.9,3288.14,3219.9,3229.78,128765.4566
2024-02-27 16:00:00,3229.77,3260.38,3203.72,3250.72,87635.5391
2024-02-27 20:00:00,3250.72,3268.34,3233.82,3242.36,47751.2967
2024-02-28 00:00:00,3242.35,3258.39,3230.12,3248.82,32950.7248
2024-02-28 04:00:00,3248.83,3306.01,3244.16,3302.99,87355.3821
2024-02-28 08:00:00,3303.0,3369.8,3277.54,3296.13,166820.2697
2024-02-28 12:00:00,3296.13,3376.38,3287.07,3348.39,167845.0129
2024-02-28 16:00:00,3348.38,3488.0,3176.16,3299.12,394792.4683
2024-02-28 20:00:00,3299.13,3384.54,3253.46,3383.1,97774.9082
2024-02-29 00:00:00,3383.11,3467.77,3374.18,3407.15,134560.9615
2024-02-29 04:00:00,3407.15,3494.63,3397.95,3467.99,112911.7465
2024-02-29 08:00:00,3467.99,3522.81,3442.52,3513.87,140548.8542
2024-02-29 12:00:00,3513.88,3517.92,3445.42,3468.42,129449.6946
2024-02-29 16:00:00,3468.42,3470.6,3351.0,3403.26,144467.7712
2024-02-29 20:00:00,3403.27,3415.44,3300.0,3340.09,97759.0843
2024-03-01 00:00:00,3340.1,3388.82,3338.54,3367.79,66201.9036
2024-03-01 04:00:00,3367.78,3399.0,3364.32,3365.41,55423.9715
2024-03-01 08:00:00,3365.41,3437.08,3353.74,3410.9,91689.1515
2024-03-01 12:00:00,3410.89,3449.81,3379.6,3390.76,89813.1551
2024-03-01 16:00:00,3390.76,3435.9,3380.06,3427.73,63881.7445
2024-03-01 20:00:00,3427.73,3450.0,3421.28,3433.43,45778.6511
2024-03-02 00:00:00,3433.42,3460.04,3424.71,3442.34,53603.9715
2024-03-02 04:00:00,3442.33,3452.76,3390.01,3430.25,73960.5478
2024-03-02 08:00:00,3430.26,3435.68,3391.83,3403.39,46989.2405
2024-03-02 12:00:00,3403.4,3427.01,3394.47,3418.05,43485.4252
2024-03-02 16:00:00,3418.04,3431.03,3410.0,3426.19,34444.983
2024-03-02 20:00:00,3426.2,3431.31,3402.56,3421.4,31500.7768
2024-03-03 00:00:00,3421.39,3434.0,3409.1,3431.56,42198.1371
2024-03-03 04:00:00,3431.57,3446.23,3360.0,3392.76,76052.0366
2024-03-03 08:00:00,3392.76,3414.91,3375.0,3413.39,51813.7052
2024-03-03 12:00:00,3413.39,3447.53,3403.92,3422.5,60505.3203
2024-03-03 16:00:00,3422.5,3484.44,3418.22,3465.2,69628.9165
2024-03-03 20:00:00,3465.2,3491.8,3458.65,3487.81,41433.4153
2024-03-04 00:00:00,3487.8,3528.96,3423.78,3471.85,104241.127
2024-03-04 04:00:00,3471.84,3487.34,3456.36,3478.61,64931.4423
2024-03-04 08:00:00,3478.61,3544.14,3478.6,3506.91,130561.2393
2024-03-04 12:00:00,3506.92,3568.18,3459.03,3560.42,132120.4513
2024-03-04 16:00:00,3560.42,3610.0,3528.42,3593.01,184688.9321
2024-03-04 20:00:00,3593.0,3640.94,3558.3,3627.76,98817.4441
2024-03-05 00:00:00,3627.75,3697.2,3607.24,3689.81,115612.4894
2024-03-05 04:00:00,3689.81,3740.0,3641.5,3672.98,214653.2558
2024-03-05 08:00:00,3672.99,3742.0,3651.87,3731.45,96557.8615
2024-03-05 12:00:00,3731.46,3822.04,3730.8,3783.01,232303.136
2024-03-05 16:00:00,3783.0,3796.07,3200.0,3376.46,421444.8851
2024-03-05 20:00:00,3376.46,3580.6,3324.68,3553.65,312333.2362
2024-03-06 00:00:00,3553.66,3591.23,3499.4,3538.01,115820.7803
2024-03-06 04:00:00,3538.01,3789.77,3536.2,3786.6,230737.8482
2024-03-06 08:00:00,3786.61,3899.47,3778.6,3879.74,201051.8756
2024-03-06 12:00:00,3879.74,3900.0,3724.0,3790.94,234039.7964
2024-03-06 16:00:00,3790.95,3880.0,3764.25,3852.59,107005.7888
2024-03-06 20:00:00,3852.59,3892.58,3792.7,3818.59,80838.6207
2024-03-07 00:00:00,3818.58,3852.69,3764.21,3775.18,101621.8497
2024-03-07 04:00:00,3775.18,3803.36,3735.0,3789.22,71852.4759
2024-03-07 08:00:00,3789.23,3814.92,3770.36,3787.58,73348.2997
2024-03-07 12:00:00,3787.58,3855.23,3765.12,3837.16,112772.69
2024-03-07 16:00:00,3837.17,3883.77,3812.44,3870.19,78329.5525
2024-03-07 20:00:00,3870.19,3933.81,3840.0,3868.76,102855.8072
2024-03-08 00:00:00,3868.76,3940.6,3863.56,3900.85,77725.9157
2024-03-08 04:00:00,3900.85,3946.57,3880.0,3908.16,64744.9491
2024-03-08 08:00:00,3908.16,3954.98,3908.15,3950.46,79443.9638
2024-03-08 12:00:00,3950.46,3993.75,3886.0,3900.75,172241.1434
2024-03-08 16:00:00,3900.76,3978.49,3820.0,3928.82,174005.1197
2024-03-08 20:00:00,3928.82,3950.85,3871.28,3883.36,78238.1672
2024-03-09 00:00:00,3883.37,3929.0,3877.5,3923.21,42981.501
2024-03-09 04:00:00,3923.22,3942.0,3912.05,3925.47,36331.8334
2024-03-09 08:00:00,3925.46,3936.0,3887.99,3912.49,47849.7238
2024-03-09 12:00:00,3912.5,3927.05,3901.62,3916.66,40208.5626
2024-03-09 16:00:00,3916.66,3920.22,3870.01,3881.18,57453.4371
2024-03-09 20:00:00,3881.18,3912.68,3881.17,3905.21,30014.0807
2024-03-10 00:00:00,3905.2,3940.1,3899.51,3935.0,51918.0288
2024-03-10 04:00:00,3935.01,3950.0,3929.79,3944.82,38704.7462
2024-03-10 08:00:00,3944.81,3964.67,3920.02,3932.72,60457.1563
2024-03-10 12:00:00,3932.72,3947.18,3860.65,3883.69,85475.6879
2024-03-10 16:00:00,3883.7,3927.05,3882.06,3898.0,48450.6237
2024-03-10 20:00:00,3898.01,3903.89,3791.26,3878.47,71658.4371
2024-03-11 00:00:00,3878.47,3888.38,3722.95,3866.93,104660.8458
2024-03-11 04:00:00,3866.92,4011.79,3834.22,4001.4,158741.3444
2024-03-11 08:00:00,4001.4,4054.6,3986.86,4034.25,166787.8858
2024-03-11 12:00:00,4034.25,4065.8,4017.0,4018.0,128794.4803
2024-03-11 16:00:00,4018.01,4086.23,3998.92,4031.71,107913.564
2024-03-11 20:00:00,4031.7,4082.0,4027.92,4064.8,54656.3936
2024-03-12 00:00:00,4064.8,4093.92,4021.19,4028.69,82355.2843
2024-03-12 04:00:00,4028.69,4052.4,4000.02,4027.13,62019.6953
2024-03-12 08:00:00,4027.13,4065.0,3965.0,4020.83,83842.3936
2024-03-12 12:00:00,4020.84,4053.8,3950.0,3988.46,146976.2191
2024-03-12 16:00:00,3988.46,3991.62,3828.98,3980.23,199020.7718
2024-03-12 20:00:00,3980.23,3980.56,3927.18,3979.96,58573.03
2024-03-13 00:00:00,3979.97,4045.86,3973.53,4043.78,64974.9648
2024-03-13 04:00:00,4043.78,4078.38,4029.1,4038.36,70118.1647
2024-03-13 08:00:00,4038.36,4083.0,4038.09,4048.9,71500.9906
2024-03-13 12:00:00,4048.91,4053.0,3932.23,3962.8,148148.3053
2024-03-13 16:00:00,3962.8,4011.06,3952.23,4000.44,70578.3149
2024-03-13 20:00:00,4000.44,4021.0,3974.62,4004.79,56985.0363
2024-03-14 00:00:00,4004.79,4010.98,3955.0,3993.77,59083.0005
2024-03-14 04:00:00,3993.77,4005.69,3940.64,3963.46,64515.6419
2024-03-14 08:00:00,3963.45,3997.7,3943.12,3955.04,59789.1681
2024-03-14 12:00:00,3955.04,3967.4,3820.2,3845.81,180384.2757
2024-03-14 16:00:00,3845.81,3896.02,3723.0,3785.89,184658.1893
2024-03-14 20:00:00,3785.89,3892.0,3780.79,3881.7,99807.249
2024-03-15 00:00:00,3881.69,3934.02,3623.0,3722.2,208926.9893
2024-03-15 04:00:00,3722.2,3779.92,3656.49,3754.12,174978.3857
2024-03-15 08:00:00,3754.12,3761.65,3570.0,3689.33,231263.8534
2024-03-15 12:00:00,3689.33,3742.0,3670.77,3688.9,116561.5186
2024-03-15 16:00:00,3688.89,3806.62,3659.01,3689.54,128183.8655
2024-03-15 20:00:00,3689.53,3749.93,3606.65,3742.19,87622.7946
2024-03-16 00:00:00,3742.19,3781.12,3722.41,3735.52,73363.2961
2024-03-16 04:00:00,3735.52,3743.6,3690.18,3740.19,50218.9677
2024-03-16 08:00:00,3740.2,3741.1,3661.83,3692.29,62013.0313
2024-03-16 12:00:00,3692.29,3711.37,3637.73,3679.55,92942.0765
2024-03-16 16:00:00,3679.54,3679.88,3570.0,3600.6,122770.3784
2024-03-16 20:00:00,3600.6,3633.8,3468.8,3523.09,146980.4069
2024-03-17 00:00:00,3523.09,3582.4,3504.95,3571.5,90384.1792
2024-03-17 04:00:00,3571.49,3572.51,3412.0,3472.72,114120.8728
2024-03-17 08:00:00,3472.72,3606.41,3460.01,3578.99,107483.9821
2024-03-17 12:00:00,3578.99,3647.15,3528.36,3628.42,95169.7591
2024-03-17 16:00:00,3628.42,3656.45,3602.43,3651.18,62380.0184
2024-03-17 20:00:00,3651.18,3678.68,3624.19,3644.71,48252.182
2024-03-18 00:00:00,3644.7,3645.02,3557.31,3600.39,82008.4412
2024-03-18 04:00:00,3600.38,3642.52,3576.9,3626.65,65470.8897
2024-03-18 08:00:00,3626.65,3627.0,3548.99,3597.82,104156.7504
2024-03-18 12:00:00,3597.83,3613.41,3486.0,3525.18,134712.3087
2024-03-18 16:00:00,3525.17,3563.86,3454.09,3478.89,129920.707
2024-03-18 20:00:00,3478.88,3548.0,3478.88,3520.46,54632.1881
2024-03-19 00:00:00,3520.47,3548.09,3362.15,3419.17,189698.6232
2024-03-19 04:00:00,3419.18,3427.8,3306.1,3360.14,146220.9547
2024-03-19 08:00:00,3360.14,3360.16,3202.84,3276.51,265410.214
2024-03-19 12:00:00,3276.51,3325.69,3223.5,3303.16,164469.5428
2024-03-19 16:00:00,3303.16,3359.8,3280.8,3333.26,129837.4242
2024-03-19 20:00:00,3333.27,3338.84,3150.88,3158.64,153992.9347
2024-03-20 00:00:00,3158.65,3266.01,3153.26,3161.02,176684.8529
2024-03-20 04:00:00,3161.02,3226.0,3056.56,3218.48,241498.0331
2024-03-20 08:00:00,3218.47,3296.72,3205.1,3293.26,137299.3104
2024-03-20 12:00:00,3293.26,3397.0,3275.35,3292.55,226068.0678
2024-03-20 16:00:00,3292.54,3405.78,3140.71,3379.01,263906.8566
2024-03-20 20:00:00,3379.0,3535.24,3370.91,3516.53,161865.6993
2024-03-21 00:00:00,3516.53,3558.99,3493.4,3510.59,109802.7426
2024-03-21 04:00:00,3510.59,3537.2,3446.47,3516.03,89965.5165
2024-03-21 08:00:00,3516.04,3587.32,3516.03,3531.18,94844.8442
2024-03-21 12:00:00,3531.18,3574.41,3478.73,3497.6,103968.4195
2024-03-21 16:00:00,3497.59,3545.99,3412.22,3441.38,131679.5015
2024-03-21 20:00:00,3441.37,3521.91,3412.0,3492.85,72494.1829
2024-03-22 00:00:00,3492.84,3527.61,3454.01,3522.01,61088.8562
2024-03-22 04:00:00,3522.0,3542.52,3500.63,3511.4,58201.2989
2024-03-22 08:00:00,3511.39,3523.8,3394.42,3405.19,68698.234
2024-03-22 12:00:00,3405.18,3425.84,3281.0,3349.31,160395.4791
2024-03-22 16:00:00,3349.3,3362.19,3289.0,3340.46,123949.364
2024-03-22 20:00:00,3340.46,3345.59,3250.0,3336.35,86515.6558
2024-03-23 00:00:00,3336.35,3362.38,3270.08,3303.56,58618.341
2024-03-23 04:00:00,3303.55,3383.8,3298.6,3365.28,42455.7546
2024-03-23 08:00:00,3365.28,3380.57,3328.34,3364.99,43508.015
2024-03-23 12:00:00,3364.98,3423.03,3343.41,3405.5,69877.3828
2024-03-23 16:00:00,3405.49,3435.48,3384.82,3386.12,45078.0352
2024-03-23 20:00:00,3386.11,3401.6,3327.28,3329.53,64138.4162
2024-03-24 00:00:00,3329.53,3368.16,3307.0,3307.62,48041.0628
2024-03-24 04:00:00,3307.63,3343.07,3298.76,3341.8,39533.9037
2024-03-24 08:00:00,3341.81,3392.72,3335.5,3387.38,36214.3205
2024-03-24 12:00:00,3387.37,3414.46,3376.73,3397.51,36265.3185
2024-03-24 16:00:00,3397.5,3409.5,3333.0,3382.5,49572.2639
2024-03-24 20:00:00,3382.49,3471.22,3375.56,3454.98,51197.2714
2024-03-25 00:00:00,3454.99,3461.17,3420.12,3454.97,42364.5167
2024-03-25 04:00:00,3454.98,3506.49,3440.8,3444.6,84573.3282
2024-03-25 08:00:00,3444.59,3472.0,3432.15,3436.19,49155.8492
2024-03-25 12:00:00,3436.2,3587.9,3430.0,3581.49,126222.948
2024-03-25 16:00:00,3581.49,3666.0,3566.2,3638.96,184776.909
2024-03-25 20:00:00,3638.96,3646.66,3566.47,3590.42,61484.1431
2024-03-26 00:00:00,3590.43,3643.71,3580.95,3623.0,118159.5628
2024-03-26 04:00:00,3623.0,3678.86,3618.4,3635.13,83621.5109
2024-03-26 08:00:00,3635.14,3670.32,3630.0,3631.6,58958.4099
2024-03-26 12:00:00,3631.61,3654.34,3545.13,3593.35,109018.2391
2024-03-26 16:00:00,3593.35,3603.55,3542.62,3560.82,88321.8786
2024-03-26 20:00:00,3560.83,3613.5,3558.15,3587.33,40934.2371
2024-03-27 00:00:00,3587.32,3627.67,3577.0,3603.11,38078.1551
2024-03-27 04:00:00,3603.1,3616.5,3560.2,3565.21,41410.5898
2024-03-27 08:00:00,3565.21,3590.84,3532.96,3585.07,55698.9769
2024-03-27 12:00:00,3585.07,3665.84,3496.15,3514.3,191134.3058
2024-03-27 16:00:00,3514.29,3531.76,3460.02,3491.18,73658.2574
2024-03-27 20:00:00,3491.18,3521.47,3485.04,3501.19,43215.0447
2024-03-28 00:00:00,3501.2,3531.47,3465.0,3496.61,98043.3592
2024-03-28 04:00:00,3496.61,3579.95,3495.79,3573.88,73489.0492
2024-03-28 08:00:00,3573.88,3595.7,3565.81,3579.73,55528.1056
2024-03-28 12:00:00,3579.74,3611.78,3552.55,3578.7,84030.442
2024-03-28 16:00:00,3578.71,3580.75,3537.48,3563.05,60508.7819
2024-03-28 20:00:00,3563.06,3580.0,3541.37,3560.49,33054.2932
2024-03-29 00:00:00,3560.49,3584.37,3550.05,3562.39,28619.8812
2024-03-29 04:00:00,3562.39,3580.8,3512.85,3519.43,58587.0884
2024-03-29 08:00:00,3519.42,3562.71,3517.15,3549.85,55857.175
2024-03-29 12:00:00,3549.86,3558.0,3481.14,3488.53,64510.6073
2024-03-29 16:00:00,3488.52,3502.36,3445.91,3500.34,60765.2112
2024-03-29 20:00:00,3500.35,3524.55,3476.01,3509.74,54746.2159
2024-03-30 00:00:00,3509.74,3521.89,3486.58,3490.0,34193.2775
2024-03-30 04:00:00,3489.99,3532.77,3487.0,3492.64,56078.6986
2024-03-30 08:00:00,3492.65,3564.0,3492.2,3560.0,43774.3565
2024-03-30 12:00:00,3559.99,3565.81,3531.0,3536.61,28666.6175
2024-03-30 16:00:00,3536.6,3547.71,3485.0,3509.02,34164.5481
2024-03-30 20:00:00,3509.02,3519.0,3494.88,3505.64,19147.7652
2024-03-31 00:00:00,3505.65,3544.07,3505.09,3537.26,25100.8785
2024-03-31 04:00:00,3537.26,3631.99,3532.42,3625.38,75942.6382
2024-03-31 08:00:00,3625.38,3632.8,3600.38,3609.2,33243.8347
2024-03-31 12:00:00,3609.2,3638.0,3606.78,3617.68,39565.1266
2024-03-31 16:00:00,3617.69,3655.32,3613.75,3638.18,41090.3708
2024-03-31 20:00:00,3638.19,3650.6,3617.8,3645.29,28522.1389
2024-04-01 00:00:00,3645.29,3645.95,3600.74,3610.42,37328.6389
2024-04-01 04:00:00,3610.41,3613.3,3500.0,3546.88,98690.7113
2024-04-01 08:00:00,3546.88,3560.17,3520.07,3537.98,44636.9281
2024-04-01 12:00:00,3537.98,3570.58,3437.23,3444.04,112748.132
2024-04-01 16:00:00,3444.04,3489.18,3413.71,3486.33,78478.2183
2024-04-01 20:00:00,3486.33,3514.88,3471.32,3503.8,36971.4939
2024-04-02 00:00:00,3503.8,3505.6,3319.2,3366.08,124255.7376
2024-04-02 04:00:00,3366.07,3388.58,3337.25,3362.9,67274.4696
2024-04-02 08:00:00,3362.89,3371.62,3276.72,3308.64,126538.5812
2024-04-02 12:00:00,3308.63,3324.26,3232.0,3240.13,151372.6183
2024-04-02 16:00:00,3240.13,3284.46,3212.0,3277.53,93534.0462
2024-04-02 20:00:00,3277.53,3305.0,3241.69,3278.96,60289.1947
2024-04-03 00:00:00,3278.96,3324.19,3202.79,3315.41,93189.2295
2024-04-03 04:00:00,3315.4,3324.6,3280.0,3305.53,49447.1277
2024-04-03 08:00:00,3305.52,3357.58,3289.97,3317.53,73863.3134
2024-04-03 12:00:00,3317.53,3363.58,3292.8,3329.2,73373.412
2024-04-03 16:00:00,3329.21,3367.4,3281.21,3314.29,64897.7138
2024-04-03 20:00:00,3314.28,3325.64,3288.39,3310.83,55713.3969
2024-04-04 00:00:00,3310.83,3333.0,3262.86,3274.37,55991.1705
2024-04-04 04:00:00,3274.38,3334.46,3250.92,3322.79,55871.5853
2024-04-04 08:00:00,3322.8,3355.48,3319.42,3340.37,32050.7649
2024-04-04 12:00:00,3340.36,3395.19,3338.95,3364.12,59348.0128
2024-04-04 16:00:00,3364.11,3443.93,3360.68,3366.09,66511.991
2024-04-04 20:00:00,3366.09,3370.3,3278.02,3327.4,86565.0471
2024-04-05 00:00:00,3327.39,3336.0,3252.8,3308.3,64808.1215
2024-04-05 04:00:00,3308.3,3319.25,3242.01,3287.61,53002.5926
2024-04-05 08:00:00,3287.6,3312.8,3236.8,3243.51,60815.6668
2024-04-05 12:00:00,3243.52,3329.54,3210.0,3326.43,104716.2205
2024-04-05 16:00:00,3326.43,3350.0,3305.1,3320.1,42565.9659
2024-04-05 20:00:00,3320.11,3344.95,3310.46,3317.85,18648.231
2024-04-06 00:00:00,3317.85,3346.39,3306.68,3331.34,28664.5342
2024-04-06 04:00:00,3331.33,3352.81,3321.13,3330.39,26715.0374
2024-04-06 08:00:00,3330.4,3351.52,3325.0,3330.67,26159.6312
2024-04-06 12:00:00,3330.67,3361.77,3313.4,3335.37,30009.2542
2024-04-06 16:00:00,3335.37,3357.54,3331.22,3349.24,25061.7582
2024-04-06 20:00:00,3349.23,3398.42,3344.0,3351.59,46701.9973
2024-04-07 00:00:00,3351.59,3413.61,3344.08,3388.41,40788.4157
2024-04-07 04:00:00,3388.4,3406.51,3374.6,3385.19,20136.9828
2024-04-07 08:00:00,3385.19,3395.19,3376.83,3390.34,21075.8618
2024-04-07 12:00:00,3390.33,3420.0,3384.71,3390.13,40776.2129
2024-04-07 16:00:00,3390.14,3412.97,3368.0,3381.39,37069.9364
2024-04-07 20:00:00,3381.38,3459.94,3378.15,3454.2,50611.6656
2024-04-08 00:00:00,3454.2,3457.27,3406.36,3423.0,33564.1278
2024-04-08 04:00:00,3422.99,3478.34,3413.22,3473.88,52807.52
2024-04-08 08:00:00,3473.88,3640.44,3469.8,3633.08,175678.6684
2024-04-08 12:00:00,3633.07,3672.11,3612.0,3629.2,115824.0414
2024-04-08 16:00:00,3629.2,3710.45,3627.16,3702.8,76989.1136
2024-04-08 20:00:00,3702.8,3730.71,3681.06,3694.61,41977.882
2024-04-09 00:00:00,3694.61,3727.34,3665.25,3692.29,60917.2209
2024-04-09 04:00:00,3692.3,3701.94,3631.0,3641.81,78663.0304
2024-04-09 08:00:00,3641.81,3646.6,3580.57,3632.85,83751.2259
2024-04-09 12:00:00,3632.85,3643.37,3478.5,3529.92,129101.6595
2024-04-09 16:00:00,3529.93,3532.96,3450.46,3517.1,65691.7243
2024-04-09 20:00:00,3517.1,3526.63,3485.82,3506.39,39467.391
2024-04-10 00:00:00,3506.4,3537.5,3465.64,3513.0,59002.792
2024-04-10 04:00:00,3513.01,3554.19,3505.98,3536.61,36766.0514
2024-04-10 08:00:00,3536.61,3540.36,3493.07,3521.32,54638.8176
2024-04-10 12:00:00,3521.33,3527.99,3411.82,3479.41,128853.4687
2024-04-10 16:00:00,3479.41,3547.49,3469.5,3521.52,73130.5015
2024-04-10 20:00:00,3521.52,3562.95,3495.58,3545.64,37013.2743
2024-04-11 00:00:00,3545.64,3576.6,3524.27,3575.84,36473.6411
2024-04-11 04:00:00,3575.84,3605.76,3553.03,3583.4,48719.2176
2024-04-11 08:00:00,3583.4,3618.3,3514.57,3522.88,69106.2264
2024-04-11 12:00:00,3522.89,3575.0,3486.31,3508.32,108947.7602
2024-04-11 16:00:00,3508.31,3522.0,3474.52,3517.7,45872.8607
2024-04-11 20:00:00,3517.71,3532.25,3490.63,3502.52,29019.8474
2024-04-12 00:00:00,3502.52,3537.93,3501.34,3534.01,31946.1988
2024-04-12 04:00:00,3534.01,3552.4,3507.95,3516.2,36378.2
2024-04-12 08:00:00,3516.2,3541.78,3508.95,3532.22,57646.7587
2024-04-12 12:00:00,3532.22,3532.48,3439.23,3440.71,93086.5997
2024-04-12 16:00:00,3440.7,3454.56,3100.0,3206.17,368390.2385
2024-04-12 20:00:00,3206.17,3256.0,3201.07,3237.43,109879.1217
2024-04-13 00:00:00,3237.42,3237.43,3141.6,3230.91,129141.3032
2024-04-13 04:00:00,3230.91,3272.31,3223.38,3257.6,71583.8293
2024-04-13 08:00:00,3257.61,3301.9,3247.4,3268.2,49728.8016
2024-04-13 12:00:00,3268.2,3296.83,3250.7,3272.39,51783.9186
2024-04-13 16:00:00,3272.4,3279.79,3017.19,3085.2,192725.8168
2024-04-13 20:00:00,3085.2,3094.88,2852.0,3007.01,500007.5659
2024-04-14 00:00:00,3007.01,3019.46,2906.73,2970.85,158831.5163
2024-04-14 04:00:00,2970.86,3102.15,2965.18,3084.2,130082.1584
2024-04-14 08:00:00,3084.19,3099.13,3008.86,3027.01,93607.7363
2024-04-14 12:00:00,3027.0,3074.07,3006.0,3055.74,113490.806
2024-04-14 16:00:00,3055.75,3101.27,2980.0,3073.62,141984.5195
2024-04-14 20:00:00,3073.63,3174.23,3047.29,3155.11,99583.7301
2024-04-15 00:00:00,3155.11,3158.62,3100.0,3146.5,78837.1145
2024-04-15 04:00:00,3146.51,3255.43,3123.0,3242.05,112167.1509
2024-04-15 08:00:00,3242.04,3277.85,3226.75,3229.64,64554.2124
2024-04-15 12:00:00,3229.64,3246.03,3102.2,3163.21,130181.8775
2024-04-15 16:00:00,3163.2,3179.4,3023.19,3100.1,161882.7144
2024-04-15 20:00:00,3100.09,3128.44,3057.29,3101.99,57807.8166
2024-04-16 00:00:00,3102.0,3120.59,3051.35,3072.19,91301.5805
2024-04-16 04:00:00,3072.2,3128.01,2986.0,3107.29,94633.1002
2024-04-16 08:00:00,3107.3,3110.76,3003.0,3093.31,106184.5489
2024-04-16 12:00:00,3093.31,3095.37,3008.7,3009.04,108323.748
2024-04-16 16:00:00,3009.05,3084.99,2995.0,3057.64,89160.7128
2024-04-16 20:00:00,3057.65,3118.24,3049.9,3084.22,36510.1646
2024-04-17 00:00:00,3084.21,3107.24,3068.39,3095.61,45177.1765
2024-04-17 04:00:00,3095.6,3123.75,3064.05,3076.6,53048.8482
2024-04-17 08:00:00,3076.6,3087.64,3037.65,3040.2,45727.2266
2024-04-17 12:00:00,3040.19,3063.65,2925.85,2946.8,185441.1871
2024-04-17 16:00:00,2946.79,3043.73,2914.47,3001.6,113662.6669
2024-04-17 20:00:00,3001.59,3014.91,2964.35,2985.41,48840.4608
2024-04-18 00:00:00,2985.41,3035.08,2950.98,3025.68,57953.4313
2024-04-18 04:00:00,3025.67,3034.29,2956.6,2975.2,60161.4658
2024-04-18 08:00:00,2975.19,3065.56,2954.01,3046.46,78719.9921
2024-04-18 12:00:00,3046.45,3094.4,2985.69,3069.17,108069.7724
2024-04-18 16:00:00,3069.17,3083.54,3018.2,3064.19,60363.215
2024-04-18 20:00:00,3064.19,3080.82,3056.1,3064.4,23792.8367
2024-04-19 00:00:00,3064.4,3070.24,2865.18,2979.8,200205.8981
2024-04-19 04:00:00,2979.81,3128.89,2979.0,3084.41,139081.3466
2024-04-19 08:00:00,3084.41,3124.44,3077.19,3102.61,79642.8684
2024-04-19 12:00:00,3102.6,3121.0,3054.35,3080.74,74619.7035
2024-04-19 16:00:00,3080.73,3107.94,3029.72,3104.1,60560.4186
2024-04-19 20:00:00,3104.1,3105.68,3020.63,3056.46,53740.1667
2024-04-20 00:00:00,3056.45,3070.8,3018.75,3055.99,42184.1651
2024-04-20 04:00:00,3055.99,3071.03,3049.31,3060.64,27818.0665
2024-04-20 08:00:00,3060.64,3061.29,3029.99,3047.39,31576.8595
2024-04-20 12:00:00,3047.38,3114.6,3040.34,3109.86,41106.7557
2024-04-20 16:00:00,3109.86,3166.46,3087.66,3148.21,64448.8195
2024-04-20 20:00:00,3148.21,3171.88,3140.9,3155.79,35442.9708
2024-04-21 00:00:00,3155.79,3197.18,3126.87,3166.8,51393.7539
2024-04-21 04:00:00,3166.81,3191.22,3152.54,3179.55,32445.4054
2024-04-21 08:00:00,3179.54,3189.0,3153.66,3168.81,38254.6523
2024-04-21 12:00:00,3168.81,3176.7,3137.32,3158.82,32903.4112
2024-04-21 16:00:00,3158.82,3161.36,3116.49,3136.79,39846.3754
2024-04-21 20:00:00,3136.78,3169.57,3129.82,3147.67,25126.909
2024-04-22 00:00:00,3147.66,3210.75,3129.15,3190.1,64775.007
2024-04-22 04:00:00,3190.09,3235.0,3184.53,3203.6,56009.1283
2024-04-22 08:00:00,3203.59,3224.0,3187.99,3194.54,42406.1851
2024-04-22 12:00:00,3194.55,3211.64,3166.8,3183.32,52021.2321
2024-04-22 16:00:00,3183.33,3216.99,3169.3,3188.23,44346.4388
2024-04-22 20:00:00,3188.24,3224.2,3184.02,3200.2,31321.9656
2024-04-23 00:00:00,3200.19,3223.36,3181.37,3183.9,31002.9675
2024-04-23 04:00:00,3183.9,3193.49,3152.0,3160.48,38872.1329
2024-04-23 08:00:00,3160.49,3185.55,3152.45,3179.8,34675.3915
2024-04-23 12:00:00,3179.79,3263.61,3173.11,3226.13,90805.6152
2024-04-23 16:00:00,3226.12,3246.22,3213.0,3218.31,31598.2941
2024-04-23 20:00:00,3218.31,3223.05,3186.43,3219.46,26959.8251
2024-04-24 00:00:00,3219.46,3249.28,3210.4,3237.61,38187.821
2024-04-24 04:00:00,3237.61,3275.54,3236.8,3250.11,42663.5601
2024-04-24 08:00:00,3250.1,3287.0,3241.86,3281.96,52631.1212
2024-04-24 12:00:00,3281.97,3293.56,3167.23,3175.8,125225.2776
2024-04-24 16:00:00,3175.8,3193.83,3104.9,3134.67,84696.0405
2024-04-24 20:00:00,3134.67,3152.59,3112.05,3140.8,49910.521
2024-04-25 00:00:00,3140.79,3171.2,3126.6,3147.41,52224.3084
2024-04-25 04:00:00,3147.41,3167.35,3126.17,3136.39,36138.1097
2024-04-25 08:00:00,3136.39,3152.99,3072.2,3112.0,76649.9228
2024-04-25 12:00:00,3112.01,3168.0,3082.58,3160.4,104592.0248
2024-04-25 16:00:00,3160.4,3175.65,3146.24,3165.84,55227.7167
2024-04-25 20:00:00,3165.84,3191.64,3152.3,3155.8,27456.4678
2024-04-26 00:00:00,3155.81,3164.08,3124.25,3141.59,41673.6037
2024-04-26 04:00:00,3141.58,3154.13,3129.0,3135.46,43586.007
2024-04-26 08:00:00,3135.45,3157.99,3121.8,3128.63,34780.1809
2024-04-26 12:00:00,3128.63,3167.7,3102.0,3117.6,78960.3574
2024-04-26 16:00:00,3117.61,3155.0,3105.71,3133.84,31786.6302
2024-04-26 20:00:00,3133.79,3153.8,3120.77,3131.3,21735.8758
2024-04-27 00:00:00,3131.3,3138.8,3066.74,3122.18,68745.2052
2024-04-27 04:00:00,3122.18,3133.25,3107.69,3120.59,26346.987
2024-04-27 08:00:00,3120.59,3128.57,3107.8,3124.92,24825.3634
2024-04-27 12:00:00,3124.92,3167.01,3122.0,3145.05,52518.6486
2024-04-27 16:00:00,3145.05,3285.0,3142.41,3237.4,116347.8618
2024-04-27 20:00:00,3237.4,3263.3,3223.07,3255.56,35027.1259
2024-04-28 00:00:00,3255.55,3329.6,3250.45,3308.87,66495.8919
2024-04-28 04:00:00,3308.86,3339.99,3300.23,3317.6,44047.6154
2024-04-28 08:00:00,3317.59,3324.78,3275.01,3286.41,56781.1368
2024-04-28 12:00:00,3286.41,3327.79,3283.8,3321.01,50930.6869
2024-04-28 16:00:00,3321.0,3357.4,3308.17,3316.92,39141.7072
2024-04-28 20:00:00,3316.92,3321.0,3251.97,3263.45,47368.9708
2024-04-29 00:00:00,3263.44,3286.95,3168.01,3177.6,106619.9358
2024-04-29 04:00:00,3177.6,3208.28,3153.44,3189.0,89021.0329
2024-04-29 08:00:00,3188.99,3195.4,3147.54,3160.11,60914.3596
2024-04-29 12:00:00,3160.11,3186.54,3115.13,3182.45,86581.1752
2024-04-29 16:00:00,3182.45,3189.6,3155.23,3186.01,40952.1099
2024-04-29 20:00:00,3186.02,3235.43,3163.91,3216.73,37742.6778
2024-04-30 00:00:00,3216.74,3250.95,3150.0,3180.79,66756.5263
2024-04-30 04:00:00,3180.8,3185.48,3152.0,3157.35,36501.4589
2024-04-30 08:00:00,3157.35,3161.75,3003.7,3007.45,153525.6894
2024-04-30 12:00:00,3007.45,3037.42,2966.01,2994.12,120983.1612
2024-04-30 16:00:00,2994.11,2998.6,2921.0,2928.96,118100.8555
2024-04-30 20:00:00,2928.96,3029.4,2928.0,3014.05,65849.7953
2024-05-01 00:00:00,3014.04,3023.24,2960.03,3004.37,56122.3384
2024-05-01 04:00:00,3004.37,3013.87,2859.0,2869.71,123926.1965
2024-05-01 08:00:00,2869.7,2906.27,2817.0,2905.39,143421.0154
2024-05-01 12:00:00,2905.4,2934.0,2865.91,2885.45,76042.9389
2024-05-01 16:00:00,2885.46,3015.73,2868.72,2926.06,172442.9636
2024-05-01 20:00:00,2926.05,2984.89,2914.42,2972.46,53008.3245
2024-05-02 00:00:00,2972.46,2982.18,2893.26,2929.33,74444.8411
2024-05-02 04:00:00,2929.34,2938.0,2898.2,2921.22,39776.1802
2024-05-02 08:00:00,2921.22,3002.51,2916.73,2995.55,79087.6942
2024-05-02 12:00:00,2995.54,3013.0,2952.4,2990.17,88940.484
2024-05-02 16:00:00,2990.16,3006.0,2972.0,2999.81,43031.169
2024-05-02 20:00:00,2999.8,3016.72,2968.84,2986.19,40659.3506
2024-05-03 00:00:00,2986.19,3036.17,2977.7,3010.15,41019.9792
2024-05-03 04:00:00,3010.14,3017.2,2958.71,2969.0,37416.0198
2024-05-03 08:00:00,2969.0,2990.62,2958.32,2979.5,34574.5244
2024-05-03 12:00:00,2979.49,3086.0,2969.75,3075.52,152439.9324
2024-05-03 16:00:00,3075.52,3087.99,3062.61,3072.5,38249.1083
2024-05-03 20:00:00,3072.51,3126.99,3068.59,3102.61,52126.275
2024-05-04 00:00:00,3102.61,3130.85,3092.85,3112.0,31207.8168
2024-05-04 04:00:00,3112.0,3123.06,3095.37,3095.94,25653.2228
2024-05-04 08:00:00,3095.94,3168.0,3095.68,3130.45,55073.4721
2024-05-04 12:00:00,3130.45,3158.95,3115.08,3126.81,37368.8147
2024-05-04 16:00:00,3126.8,3140.0,3114.08,3137.01,23546.5398
2024-05-04 20:00:00,3137.02,3147.0,3104.34,3117.23,23414.0826
2024-05-05 00:00:00,3117.24,3126.41,3072.99,3086.91,50542.8438
2024-05-05 04:00:00,3086.9,3114.8,3080.83,3105.7,21580.7472
2024-05-05 08:00:00,3105.7,3171.93,3103.52,3138.1,66727.8936
2024-05-05 12:00:00,3138.1,3168.0,3127.04,3160.19,36839.7556
2024-05-05 16:00:00,3160.18,3166.34,3130.68,3142.45,25728.6721
2024-05-05 20:00:00,3142.45,3146.66,3122.89,3136.41,17340.3539
2024-05-06 00:00:00,3136.4,3165.97,3124.38,3134.61,26248.0382
2024-05-06 04:00:00,3134.61,3191.94,3127.94,3180.53,46060.5365
2024-05-06 08:00:00,3180.54,3221.4,3131.2,3149.23,98323.4368
2024-05-06 12:00:00,3149.23,3154.99,3056.61,3089.25,118784.4052
2024-05-06 16:00:00,3089.25,3096.36,3046.35,3069.84,42521.1903
2024-05-06 20:00:00,3069.83,3089.11,3060.98,3062.6,23197.6957
2024-05-07 00:00:00,3062.59,3096.8,3021.34,3049.19,48218.7778
2024-05-07 04:00:00,3049.19,3082.5,3044.01,3077.4,29362.3583
2024-05-07 08:00:00,3077.4,3129.85,3059.09,3063.39,79096.7131
2024-05-07 12:00:00,3063.4,3106.0,3045.7,3071.41,59771.1292
2024-05-07 16:00:00,3071.41,3079.41,3027.0,3049.62,33921.3804
2024-05-07 20:00:00,3049.61,3061.44,2998.0,3005.69,48426.3241
2024-05-08 00:00:00,3005.69,3038.15,2994.58,3032.33,31024.9074
2024-05-08 04:00:00,3032.32,3036.52,2989.56,2995.01,48324.5348
2024-05-08 08:00:00,2995.01,3011.4,2978.4,2990.31,46336.5347
2024-05-08 12:00:00,2990.31,3032.5,2985.0,3006.98,59661.6558
2024-05-08 16:00:00,3006.99,3024.11,2986.58,2999.38,26014.5888
2024-05-08 20:00:00,2999.39,3004.0,2936.48,2974.21,55572.591
2024-05-09 00:00:00,2974.2,3005.1,2972.2,2997.9,24807.7468
2024-05-09 04:00:00,2997.91,3014.96,2975.7,2983.59,45323.0638
2024-05-09 08:00:00,2983.59,2991.8,2950.77,2977.2,39630.623
2024-05-09 12:00:00,2977.2,3019.28,2955.86,3005.99,62506.4399
2024-05-09 16:00:00,3005.99,3025.98,2989.59,3021.41,34139.9401
2024-05-09 20:00:00,3021.4,3059.0,3015.66,3036.23,32153.9326
2024-05-10 00:00:00,3036.24,3044.0,3018.23,3028.95,37115.6492
2024-05-10 04:00:00,3028.95,3053.89,3021.64,3042.26,39477.4863
2024-05-10 08:00:00,3042.27,3045.23,3022.0,3037.85,29448.5225
2024-05-10 12:00:00,3037.85,3044.53,2907.79,2918.54,112704.6548
2024-05-10 16:00:00,2918.54,2935.0,2878.03,2901.6,84041.6607
2024-05-10 20:00:00,2901.6,2916.11,2887.4,2909.99,25067.9023
2024-05-11 00:00:00,2909.98,2936.59,2905.2,2911.0,27696.4544
2024-05-11 04:00:00,2911.0,2927.74,2905.9,2921.79,17063.5205
2024-05-11 08:00:00,2921.8,2925.38,2886.46,2903.4,26271.95
2024-05-11 12:00:00,2903.4,2945.67,2896.0,2925.72,34805.94
2024-05-11 16:00:00,2925.72,2940.37,2917.43,2930.61,15991.4116
2024-05-11 20:00:00,2930.61,2930.96,2906.48,2912.45,16333.8322
2024-05-12 00:00:00,2912.45,2925.33,2909.11,2921.13,11001.5881
2024-05-12 04:00:00,2921.12,2932.26,2901.17,2907.8,14180.9676
2024-05-12 08:00:00,2907.8,2943.73,2902.68,2928.0,22845.2522
2024-05-12 12:00:00,2928.0,2943.77,2925.41,2938.0,18231.319
2024-05-12 16:00:00,2937.99,2955.2,2921.25,2929.59,24224.3756
2024-05-12 20:00:00,2929.6,2936.27,2913.78,2929.29,17187.1298
2024-05-13 00:00:00,2929.3,2942.97,2864.76,2889.92,83159.2925
2024-05-13 04:00:00,2889.92,2958.0,2870.37,2953.99,56990.6181
2024-05-13 08:00:00,2953.99,2996.4,2948.4,2965.57,68334.0181
2024-05-13 12:00:00,2965.57,2987.0,2949.26,2961.22,87796.0231
2024-05-13 16:00:00,2961.21,2977.89,2928.66,2956.7,51884.7266
2024-05-13 20:00:00,2956.69,2960.0,2938.0,2950.99,20500.0864
2024-05-14 00:00:00,2950.99,2960.6,2936.66,2940.99,29749.065
2024-05-14 04:00:00,2940.99,2949.07,2882.29,2920.03,45499.3304
2024-05-14 08:00:00,2920.02,2920.03,2897.53,2907.94,24096.7151
2024-05-14 12:00:00,2907.94,2924.14,2870.25,2898.93,109974.172
2024-05-14 16:00:00,2898.94,2900.67,2862.0,2893.74,40137.7193
2024-05-14 20:00:00,2893.73,2903.0,2878.65,2881.93,20218.3019
2024-05-15 00:00:00,2881.93,2903.08,2863.75,2902.64,24110.6365
2024-05-15 04:00:00,2902.65,2922.0,2897.98,2916.51,31482.672
2024-05-15 08:00:00,2916.5,2933.8,2886.81,2898.74,51111.8661
2024-05-15 12:00:00,2898.74,2992.99,2893.02,2976.81,132869.8227
2024-05-15 16:00:00,2976.8,3025.96,2970.0,3024.56,55815.6495
2024-05-15 20:00:00,3024.55,3041.36,3009.49,3032.55,54863.672
2024-05-16 00:00:00,3032.55,3041.24,2997.0,3013.44,60840.5182
2024-05-16 04:00:00,3013.45,3021.37,3004.4,3016.31,28652.441
2024-05-16 08:00:00,3016.31,3027.85,2989.72,3006.45,43183.012
2024-05-16 12:00:00,3006.45,3009.12,2931.05,2956.57,89261.8078
2024-05-16 16:00:00,2956.57,2960.64,2925.02,2944.76,48287.9599
2024-05-16 20:00:00,2944.75,2946.1,2922.8,2944.7,23648.4124
2024-05-17 00:00:00,2944.7,2956.28,2933.06,2950.49,28995.1606
2024-05-17 04:00:00,2950.5,3033.0,2940.0,3024.67,83087.8449
2024-05-17 08:00:00,3024.66,3059.53,3017.74,3030.4,68597.6468
2024-05-17 12:00:00,3030.4,3118.54,3020.1,3111.54,108964.1229
2024-05-17 16:00:00,3111.54,3120.0,3067.16,3085.16,52451.0235
2024-05-17 20:00:00,3085.16,3095.76,3080.59,3092.01,15628.9744
2024-05-18 00:00:00,3092.0,3126.66,3083.61,3114.4,46394.7028
2024-05-18 04:00:00,3114.39,3119.94,3090.71,3101.99,30034.8165
2024-05-18 08:00:00,3102.0,3146.98,3100.27,3133.79,47870.1246
2024-05-18 12:00:00,3133.79,3135.0,3095.71,3110.89,42938.119
2024-05-18 16:00:00,3110.89,3121.2,3105.88,3119.69,17770.6644
2024-05-18 20:00:00,3119.69,3126.89,3106.05,3122.94,14968.1183
2024-05-19 00:00:00,3122.94,3136.64,3112.61,3129.36,18838.9425
2024-05-19 04:00:00,3129.35,3130.52,3103.33,3115.81,18073.4688
2024-05-19 08:00:00,3115.8,3125.0,3082.04,3102.58,42183.6904
2024-05-19 12:00:00,3102.59,3103.0,3063.26,3077.25,40766.7055
2024-05-19 16:00:00,3077.25,3083.9,3057.82,3065.2,27642.5703
2024-05-19 20:00:00,3065.2,3082.41,3053.38,3071.19,18639.6327
2024-05-20 00:00:00,3071.2,3100.67,3047.67,3087.21,38814.7129
2024-05-20 04:00:00,3087.2,3140.0,3065.0,3091.73,66673.9759
2024-05-20 08:00:00,3091.72,3113.94,3086.5,3093.8,45418.754
2024-05-20 12:00:00,3093.79,3121.0,3076.69,3118.53,43683.87
2024-05-20 16:00:00,3118.52,3457.12,3110.85,3438.87,279008.4101
2024-05-20 20:00:00,3438.86,3694.0,3420.37,3661.78,373508.1599
2024-05-21 00:00:00,3661.79,3721.0,3638.8,3695.9,176437.8446
2024-05-21 04:00:00,3695.9,3699.6,3624.28,3660.49,117372.7656
2024-05-21 08:00:00,3660.5,3823.5,3649.36,3777.97,185777.9962
2024-05-21 12:00:00,3777.98,3836.0,3748.57,3777.68,224432.9922
2024-05-21 16:00:00,3777.69,3841.54,3680.68,3712.27,169773.2141
2024-05-21 20:00:00,3712.26,3821.5,3709.13,3789.6,78642.4567
2024-05-22 00:00:00,3789.59,3813.69,3774.91,3793.43,58660.3493
2024-05-22 04:00:00,3793.42,3795.07,3720.01,3746.79,83698.9643
2024-05-22 08:00:00,3746.8,3779.8,3690.0,3690.6,65723.1063
2024-05-22 12:00:00,3690.59,3773.88,3653.15,3762.66,167446.8295
2024-05-22 16:00:00,3762.65,3798.0,3700.6,3736.61,110830.3049
2024-05-22 20:00:00,3736.61,3781.0,3723.38,3737.73,88578.7556
2024-05-23 00:00:00,3737.72,3788.86,3736.67,3782.11,51405.4772
2024-05-23 04:00:00,3782.1,3833.65,3759.41,3814.0,70165.4088
2024-05-23 08:00:00,3813.99,3925.24,3790.94,3918.46,139988.1687
2024-05-23 12:00:00,3918.45,3949.29,3723.0,3812.95,290141.6873
2024-05-23 16:00:00,3812.96,3827.77,3685.0,3791.34,156371.2119
2024-05-23 20:00:00,3791.33,3901.0,3498.0,3783.61,419794.1221
2024-05-24 00:00:00,3783.6,3829.61,3744.34,3803.82,59517.5987
2024-05-24 04:00:00,3803.82,3815.63,3651.0,3679.24,122645.0986
2024-05-24 08:00:00,3679.24,3717.67,3626.1,3712.62,81589.6453
2024-05-24 12:00:00,3712.62,3732.83,3671.15,3693.67,85395.4253
2024-05-24 16:00:00,3693.66,3759.0,3655.26,3744.4,92836.7116
2024-05-24 20:00:00,3744.4,3755.05,3723.01,3728.28,37433.9523
2024-05-25 00:00:00,3728.28,3747.72,3709.03,3745.26,25256.8427
2024-05-25 04:00:00,3745.26,3779.43,3744.4,3746.6,33903.2058
2024-05-25 08:00:00,3746.6,3775.0,3736.42,3739.39,32551.3548
2024-05-25 12:00:00,3739.39,3758.2,3719.8,3743.79,35726.8417
2024-05-25 16:00:00,3743.8,3766.02,3736.68,3757.64,16658.1948
2024-05-25 20:00:00,3757.65,3760.28,3730.12,3749.26,14615.4594
2024-05-26 00:00:00,3749.25,3772.93,3731.17,3771.59,28721.1033
2024-05-26 04:00:00,3771.59,3795.06,3741.16,3786.02,30277.312
2024-05-26 08:00:00,3786.01,3822.4,3777.22,3813.79,63831.0072
2024-05-26 12:00:00,3813.79,3875.8,3792.14,3833.05,86573.3268
2024-05-26 16:00:00,3833.06,3884.2,3831.26,3878.86,50878.426
2024-05-26 20:00:00,3878.86,3879.63,3817.39,3826.47,31927.1184
2024-05-27 00:00:00,3826.47,3939.59,3823.37,3919.58,87143.4381
2024-05-27 04:00:00,3919.59,3935.0,3888.71,3914.01,41541.5848
2024-05-27 08:00:00,3914.01,3954.35,3884.17,3900.49,58135.6201
2024-05-27 12:00:00,3900.5,3977.0,3891.81,3963.39,80810.8165
2024-05-27 16:00:00,3963.39,3974.3,3854.16,3873.25,56750.0898
2024-05-27 20:00:00,3873.26,3905.14,3860.71,3894.22,39336.098
2024-05-28 00:00:00,3894.21,3910.0,3827.41,3849.71,68416.8132
2024-05-28 04:00:00,3849.72,3864.85,3821.63,3847.29,50036.2523
2024-05-28 08:00:00,3847.3,3931.09,3839.0,3904.34,70119.748
2024-05-28 12:00:00,3904.34,3912.0,3831.29,3861.1,96245.094
2024-05-28 16:00:00,3861.1,3869.14,3773.9,3840.81,88427.4714
2024-05-28 20:00:00,3840.8,3871.76,3823.0,3844.69,43004.4555
2024-05-29 00:00:00,3844.69,3862.41,3835.15,3851.0,35975.2377
2024-05-29 04:00:00,3850.99,3888.55,3818.48,3820.0,62582.4505
2024-05-29 08:00:00,3819.99,3828.88,3781.0,3811.16,64094.1388
2024-05-29 12:00:00,3811.15,3838.83,3750.6,3759.85,87201.9645
2024-05-29 16:00:00,3759.84,3780.0,3744.41,3749.66,44445.5715
2024-05-29 20:00:00,3749.66,3792.99,3742.59,3767.43,40460.2718
2024-05-30 00:00:00,3767.44,3797.79,3750.75,3791.31,30162.3742
2024-05-30 04:00:00,3791.3,3801.65,3712.73,3720.32,56963.1566
2024-05-30 08:00:00,3720.32,3757.25,3702.58,3737.0,49744.5544
2024-05-30 12:00:00,3737.01,3798.97,3733.39,3776.12,52289.9206
2024-05-30 16:00:00,3776.12,3825.35,3752.24,3762.01,57189.8504
2024-05-30 20:00:00,3762.0,3762.4,3719.3,3747.91,30684.4332
2024-05-31 00:00:00,3747.9,3770.0,3740.45,3760.21,20559.7687
2024-05-31 04:00:00,3760.21,3766.55,3724.41,3729.11,27617.2547
2024-05-31 08:00:00,3729.11,3813.2,3726.45,3802.62,46707.6025
2024-05-31 12:00:00,3802.62,3849.94,3742.35,3744.77,89048.2576
2024-05-31 16:00:00,3744.77,3794.62,3723.75,3785.45,56610.6927
2024-05-31 20:00:00,3785.45,3800.94,3742.0,3762.29,32863.1898
2024-06-01 00:00:00,3762.29,3782.07,3752.67,3778.98,19162.466
2024-06-01 04:00:00,3778.98,3794.11,3770.31,3773.0,19843.0304
2024-06-01 08:00:00,3772.99,3809.55,3772.43,3788.28,28016.7925
2024-06-01 12:00:00,3788.28,3814.67,3787.0,3798.6,23200.5208
2024-06-01 16:00:00,3798.6,3809.81,3790.21,3804.51,18166.4278
2024-06-01 20:00:00,3804.5,3833.3,3799.0,3815.82,24297.9631
2024-06-02 00:00:00,3815.82,3838.59,3797.7,3807.13,40362.6748
2024-06-02 04:00:00,3807.13,3824.5,3792.25,3793.33,42266.6486
2024-06-02 08:00:00,3793.33,3810.0,3770.99,3805.01,40043.5712
2024-06-02 12:00:00,3805.01,3810.0,3776.86,3798.78,23979.178
2024-06-02 16:00:00,3798.79,3803.67,3752.62,3782.37,37585.3386
2024-06-02 20:00:00,3782.37,3796.44,3765.99,3780.91,26058.0295
2024-06-03 00:00:00,3780.92,3821.32,3761.05,3799.5,34542.182
2024-06-03 04:00:00,3799.51,3842.01,3795.18,3817.82,41747.9614
2024-06-03 08:00:00,3817.81,3840.16,3804.7,3809.0,37028.9177
2024-06-03 12:00:00,3809.01,3849.99,3758.43,3796.82,82479.9693
2024-06-03 16:00:00,3796.82,3798.63,3759.0,3773.4,31798.1474
2024-06-03 20:00:00,3773.39,3784.88,3759.67,3767.06,21251.5242
2024-06-04 00:00:00,3767.07,3785.19,3730.0,3773.51,37241.3776
2024-06-04 04:00:00,3773.51,3778.63,3752.1,3774.72,22170.4494
2024-06-04 08:00:00,3774.72,3782.99,3741.6,3764.65,28835.7026
2024-06-04 12:00:00,3764.65,3817.99,3753.57,3810.63,67169.5087
2024-06-04 16:00:00,3810.63,3831.65,3776.2,3800.38,52190.8252
2024-06-04 20:00:00,3800.37,3822.0,3792.0,3810.23,24455.8833
2024-06-05 00:00:00,3810.23,3839.92,3800.0,3810.45,37461.0947
2024-06-05 04:00:00,3810.45,3820.81,3777.33,3809.58,52478.4484
2024-06-05 08:00:00,3809.57,3811.03,3788.9,3804.31,31518.1002
2024-06-05 12:00:00,3804.31,3824.44,3782.0,3813.58,47557.5833
2024-06-05 16:00:00,3813.59,3878.0,3796.8,3876.54,73294.7532
2024-06-05 20:00:00,3876.53,3887.47,3842.28,3865.99,31428.6237
2024-06-06 00:00:00,3866.0,3878.6,3853.2,3861.69,26177.2594
2024-06-06 04:00:00,3861.7,3865.5,3838.53,3852.1,38537.3942
2024-06-06 08:00:00,3852.1,3856.5,3842.84,3849.51,24695.0892
2024-06-06 12:00:00,3849.51,3866.48,3820.0,3845.01,46381.6924
2024-06-06 16:00:00,3845.0,3855.6,3787.15,3791.01,62854.2034
2024-06-06 20:00:00,3791.01,3815.45,3760.0,3813.46,38858.5519
2024-06-07 00:00:00,3813.47,3813.47,3792.34,3806.3,19303.9314
2024-06-07 04:00:00,3806.3,3825.75,3806.0,3816.31,19448.3091
2024-06-07 08:00:00,3816.31,3839.98,3801.11,3835.0,24999.764
2024-06-07 12:00:00,3834.99,3841.39,3771.39,3800.73,77115.5473
2024-06-07 16:00:00,3800.73,3807.67,3600.0,3687.37,179164.1298
2024-06-07 20:00:00,3687.37,3700.0,3670.43,3678.32,42191.6778
2024-06-08 00:00:00,3678.31,3692.3,3673.82,3690.0,22188.3343
2024-06-08 04:00:00,3690.0,3709.5,3677.22,3708.98,16278.6668
2024-06-08 08:00:00,3708.98,3709.39,3678.53,3683.13,38253.4513
2024-06-08 12:00:00,3683.13,3697.47,3660.08,3688.13,30914.3498
2024-06-08 16:00:00,3688.13,3694.5,3672.18,3682.61,19917.2379
2024-06-08 20:00:00,3682.6,3684.46,3670.37,3681.57,12998.7993
2024-06-09 00:00:00,3681.58,3684.66,3666.36,3674.22,18043.8984
2024-06-09 04:00:00,3674.21,3692.0,3669.21,3685.99,16380.3084
2024-06-09 08:00:00,3685.98,3693.87,3683.02,3693.5,11187.5719
2024-06-09 12:00:00,3693.49,3712.5,3680.99,3690.59,29149.8489
2024-06-09 16:00:00,3690.6,3709.43,3689.43,3701.09,14111.4392
2024-06-09 20:00:00,3701.09,3721.52,3693.72,3706.4,14578.0352
2024-06-10 00:00:00,3706.4,3706.94,3680.97,3684.14,17242.0935
2024-06-10 04:00:00,3684.14,3692.41,3642.74,3647.79,29285.0966
2024-06-10 08:00:00,3647.8,3681.01,3646.94,3675.95,24499.1155
2024-06-10 12:00:00,3675.95,3713.67,3662.96,3702.54,36788.6562
2024-06-10 16:00:00,3702.53,3705.68,3659.81,3668.33,27095.9403
2024-06-10 20:00:00,3668.33,3677.07,3650.64,3667.85,21452.2825
2024-06-11 00:00:00,3667.85,3673.0,3567.0,3595.6,86732.2688
2024-06-11 04:00:00,3595.6,3595.61,3505.0,3534.6,83213.3547
2024-06-11 08:00:00,3534.6,3549.36,3503.4,3529.56,71505.3092
2024-06-11 12:00:00,3529.56,3546.47,3432.01,3447.75,102175.1839
2024-06-11 16:00:00,3447.75,3502.44,3432.0,3497.21,72534.3495
2024-06-11 20:00:00,3497.21,3509.65,3483.7,3497.33,23408.1317
2024-06-12 00:00:00,3497.33,3513.78,3462.07,3509.99,36109.1392
2024-06-12 04:00:00,3509.99,3532.39,3507.02,3526.71,29038.1895
2024-06-12 08:00:00,3526.7,3563.56,3516.95,3531.72,38233.539
2024-06-12 12:00:00,3531.73,3659.01,3531.4,3618.32,153722.7335
2024-06-12 16:00:00,3618.32,3625.7,3513.32,3529.01,104913.6778
2024-06-12 20:00:00,3529.01,3574.39,3521.88,3560.12,25026.495
2024-06-13 00:00:00,3560.13,3561.65,3476.21,3503.0,64329.204
2024-06-13 04:00:00,3502.99,3517.32,3484.04,3507.53,30637.8742
2024-06-13 08:00:00,3507.53,3511.86,3472.6,3497.17,36046.7782
2024-06-13 12:00:00,3497.17,3539.83,3433.0,3441.73,107443.9794
2024-06-13 16:00:00,3441.73,3491.55,3428.0,3481.43,40773.5683
2024-06-13 20:00:00,3481.43,3491.55,3461.59,3469.4,20999.4258
2024-06-14 00:00:00,3469.4,3510.53,3457.37,3490.91,33997.5513
2024-06-14 04:00:00,3490.91,3532.61,3490.46,3516.61,40530.3017
2024-06-14 08:00:00,3516.61,3530.25,3505.69,3515.8,28624.7515
2024-06-14 12:00:00,3515.8,3525.56,3460.17,3462.41,46240.8077
2024-06-14 16:00:00,3462.41,3467.4,3362.26,3406.21,103511.0856
2024-06-14 20:00:00,3406.21,3528.93,3404.19,3481.8,69411.9236
2024-06-15 00:00:00,3481.8,3505.01,3473.1,3504.4,27164.3759
2024-06-15 04:00:00,3504.4,3557.81,3498.29,3529.61,70337.7423
2024-06-15 08:00:00,3529.61,3542.3,3519.49,3539.4,29865.1365
2024-06-15 12:00:00,3539.4,3594.39,3537.75,3565.8,65751.339
2024-06-15 16:00:00,3565.8,3575.73,3552.0,3558.48,32626.8792
2024-06-15 20:00:00,3558.48,3575.36,3536.76,3568.74,20904.1165
2024-06-16 00:00:00,3568.75,3573.79,3548.04,3555.01,15279.5371
2024-06-16 04:00:00,3555.01,3574.54,3541.05,3561.93,15928.9861
2024-06-16 08:00:00,3561.93,3570.99,3546.92,3555.28,22391.2841
2024-06-16 12:00:00,3555.28,3611.98,3553.17,3591.88,40470.9591
2024-06-16 16:00:00,3591.88,3608.44,3586.69,3599.03,21795.5901
2024-06-16 20:00:00,3599.03,3653.79,3587.86,3624.41,33973.6255
2024-06-17 00:00:00,3624.41,3638.37,3573.83,3582.05,48730.6671
2024-06-17 04:00:00,3582.05,3596.0,3538.7,3552.68,48673.361
2024-06-17 08:00:00,3552.68,3561.1,3490.95,3527.63,70419.5076
2024-06-17 12:00:00,3527.63,3547.07,3485.44,3497.26,60249.8476
2024-06-17 16:00:00,3497.26,3577.77,3463.39,3554.01,80942.9401
2024-06-17 20:00:00,3554.01,3556.55,3500.8,3511.46,28789.3168
2024-06-18 00:00:00,3511.47,3517.2,3355.0,3441.53,151261.2357
2024-06-18 04:00:00,3441.52,3462.54,3428.78,3443.97,41588.3438
2024-06-18 08:00:00,3443.97,3451.84,3391.86,3414.11,50599.076
2024-06-18 12:00:00,3414.11,3440.73,3370.92,3424.01,94772.0482
2024-06-18 16:00:00,3424.02,3436.0,3386.92,3423.27,56147.0642
2024-06-18 20:00:00,3423.27,3490.0,3412.64,3483.42,55545.5335
2024-06-19 00:00:00,3483.42,3573.08,3465.65,3565.93,92263.4561
2024-06-19 04:00:00,3565.93,3585.0,3532.96,3544.3,54305.0421
2024-06-19 08:00:00,3544.31,3564.0,3518.46,3536.94,57044.7188
2024-06-19 12:00:00,3536.95,3550.61,3512.2,3529.29,39731.2801
2024-06-19 16:00:00,3529.3,3590.01,3523.43,3546.29,50877.7687
2024-06-19 20:00:00,3546.28,3576.69,3532.14,3560.51,27277.7369
2024-06-20 00:00:00,3560.51,3594.47,3533.49,3553.65,41899.1315
2024-06-20 04:00:00,3553.65,3616.06,3544.61,3607.87,57347.7784
2024-06-20 08:00:00,3607.87,3625.96,3572.24,3598.94,58174.3822
2024-06-20 12:00:00,3598.94,3611.81,3491.46,3506.61,103144.2628
2024-06-20 16:00:00,3506.61,3542.4,3486.0,3536.61,51457.987
2024-06-20 20:00:00,3536.61,3538.91,3511.0,3513.08,17094.3034
2024-06-21 00:00:00,3513.08,3536.21,3491.66,3501.2,34013.0856
2024-06-21 04:00:00,3501.2,3521.74,3467.0,3475.0,45022.5479
2024-06-21 08:00:00,3475.0,3532.83,3446.82,3503.22,84533.4256
2024-06-21 12:00:00,3503.21,3519.99,3455.1,3492.78,89030.6982
2024-06-21 16:00:00,3492.78,3537.5,3469.96,3535.45,66320.0669
2024-06-21 20:00:00,3535.44,3547.55,3500.0,3518.5,23235.2778
2024-06-22 00:00:00,3518.5,3521.19,3493.24,3506.77,21118.7164
2024-06-22 04:00:00,3506.77,3509.76,3489.73,3494.0,22707.2062
2024-06-22 08:00:00,3494.0,3498.96,3475.09,3493.2,19859.6331
2024-06-22 12:00:00,3493.19,3511.84,3486.78,3505.43,28273.381
2024-06-22 16:00:00,3505.43,3508.37,3485.56,3491.44,13959.7515
2024-06-22 20:00:00,3491.44,3507.86,3485.8,3495.75,9855.9275
2024-06-23 00:00:00,3495.76,3519.0,3494.67,3519.0,14289.8809
2024-06-23 04:00:00,3518.99,3521.45,3506.63,3512.5,9763.1021
2024-06-23 08:00:00,3512.49,3513.0,3488.2,3498.29,18175.411
2024-06-23 12:00:00,3498.29,3504.62,3471.82,3474.54,26491.4608
2024-06-23 16:00:00,3474.54,3482.4,3461.38,3479.93,18541.0352
2024-06-23 20:00:00,3479.93,3480.12,3406.38,3420.91,46150.5404
2024-06-24 00:00:00,3420.91,3435.76,3387.05,3402.81,50128.5048
2024-06-24 04:00:00,3402.82,3413.56,3354.22,3369.19,58893.4861
2024-06-24 08:00:00,3369.2,3394.36,3240.0,3321.19,160169.3219
2024-06-24 12:00:00,3321.18,3337.07,3261.72,3280.3,96661.7814
2024-06-24 16:00:00,3280.31,3314.9,3242.44,3293.07,102398.4262
2024-06-24 20:00:00,3293.06,3363.18,3256.35,3352.73,75118.9025
2024-06-25 00:00:00,3352.74,3386.25,3336.76,3371.61,40978.574
2024-06-25 04:00:00,3371.62,3394.92,3357.01,3361.0,37133.9505
2024-06-25 08:00:00,3361.0,3394.31,3345.79,3376.01,34837.6718
2024-06-25 12:00:00,3376.0,3425.37,3358.2,3419.6,72423.3215
2024-06-25 16:00:00,3419.6,3430.88,3381.68,3415.66,36920.3828
2024-06-25 20:00:00,3415.67,3418.84,3388.88,3394.91,17742.323
2024-06-26 00:00:00,3394.91,3426.75,3385.22,3395.15,26819.52
2024-06-26 04:00:00,3395.15,3406.0,3376.81,3401.8,26669.2503
2024-06-26 08:00:00,3401.8,3402.85,3366.37,3381.44,31946.3772
2024-06-26 12:00:00,3381.44,3396.53,3346.0,3361.69,38271.455
2024-06-26 16:00:00,3361.68,3410.0,3325.01,3408.08,57919.9768
2024-06-26 20:00:00,3408.08,3417.43,3367.15,3371.44,25322.7625
2024-06-27 00:00:00,3371.77,3393.0,3361.74,3383.8,21306.96
2024-06-27 04:00:00,3383.79,3388.41,3366.05,3374.98,22096.4472
2024-06-27 08:00:00,3374.98,3414.05,3368.7,3403.46,41795.5588
2024-06-27 12:00:00,3403.46,3477.0,3403.45,3452.75,73901.3411
2024-06-27 16:00:00,3452.75,3467.5,3439.0,3449.79,24220.9756
2024-06-27 20:00:00,3449.78,3455.06,3440.53,3450.44,17720.3782
2024-06-28 00:00:00,3450.44,3487.7,3435.95,3460.5,35716.2271
2024-06-28 04:00:00,3460.5,3461.07,3427.01,3431.82,26966.7465
2024-06-28 08:00:00,3431.82,3461.39,3420.24,3452.78,30450.9048
2024-06-28 12:00:00,3452.79,3476.73,3403.06,3413.61,67543.456
2024-06-28 16:00:00,3413.6,3416.6,3365.22,3379.74,44208.0751
2024-06-28 20:00:00,3379.74,3394.15,3368.73,3380.15,16748.934
2024-06-29 00:00:00,3380.15,3399.98,3380.01,3386.07,17745.9808
2024-06-29 04:00:00,3386.06,3408.32,3381.56,3399.72,18952.9595
2024-06-29 08:00:00,3399.72,3406.05,3387.2,3400.45,15348.806
2024-06-29 12:00:00,3400.45,3403.2,3383.0,3394.62,12952.0566
2024-06-29 16:00:00,3394.62,3396.53,3376.81,3387.02,9707.3365
2024-06-29 20:00:00,3387.02,3389.71,3371.86,3378.8,13622.6257
2024-06-30 00:00:00,3378.8,3389.61,3352.66,3371.28,23491.9778
2024-06-30 04:00:00,3371.28,3400.0,3358.49,3394.03,20690.4836
2024-06-30 08:00:00,3394.03,3399.38,3386.02,3389.19,16477.0951
2024-06-30 12:00:00,3389.19,3404.88,3379.81,3399.8,22547.9265
2024-06-30 16:00:00,3399.81,3434.0,3391.99,3428.41,25398.4021
2024-06-30 20:00:00,3428.4,3460.0,3408.96,3438.16,32615.7334
2024-07-01 00:00:00,3438.16,3524.94,3432.55,3498.23,68223.5035
2024-07-01 04:00:00,3498.23,3499.73,3484.44,3490.58,28424.9548
2024-07-01 08:00:00,3490.59,3495.0,3457.59,3459.6,35063.7579
2024-07-01 12:00:00,3459.61,3481.27,3453.0,3474.35,36567.9235
2024-07-01 16:00:00,3474.35,3499.0,3462.09,3471.47,31603.3766
2024-07-01 20:00:00,3471.47,3475.91,3423.78,3442.2,24389.6959
2024-07-02 00:00:00,3442.2,3464.12,3434.02,3457.03,17046.9388
2024-07-02 04:00:00,3457.03,3463.95,3434.17,3439.0,22849.472
2024-07-02 08:00:00,3439.01,3454.73,3431.6,3453.26,19840.984
2024-07-02 12:00:00,3453.26,3462.5,3402.0,3415.65,44961.2764
2024-07-02 16:00:00,3415.66,3433.65,3408.89,3415.37,18180.9348
2024-07-02 20:00:00,3415.38,3428.58,3413.39,3421.35,15053.0954
2024-07-03 00:00:00,3421.35,3432.1,3331.23,3360.33,56476.8025
2024-07-03 04:00:00,3360.34,3373.2,3352.2,3352.2,20526.974
2024-07-03 08:00:00,3352.21,3356.98,3281.63,3307.5,72972.726
2024-07-03 12:00:00,3307.51,3326.36,3275.48,3304.26,61775.2472
2024-07-03 16:00:00,3304.16,3322.09,3254.49,3266.29,70449.3809
2024-07-03 20:00:00,3266.2,3306.17,3251.0,3295.48,28207.3204
2024-07-04 00:00:00,3295.49,3313.45,3155.0,3243.2,110045.1383
2024-07-04 04:00:00,3243.2,3246.28,3170.22,3182.21,54262.3513
2024-07-04 08:00:00,3182.21,3195.99,3126.6,3159.45,85869.0158
2024-07-04 12:00:00,3159.45,3160.8,3088.25,3138.79,108884.6249
2024-07-04 16:00:00,3138.79,3152.64,3113.18,3133.82,40600.7709
2024-07-04 20:00:00,3133.83,3169.79,3050.34,3059.7,50740.668
2024-07-05 00:00:00,3059.7,3110.0,2890.0,2920.99,289984.2983
2024-07-05 04:00:00,2920.99,2928.47,2810.0,2882.21,253999.8044
2024-07-05 08:00:00,2882.21,2956.93,2820.0,2947.42,143768.5871
2024-07-05 12:00:00,2947.42,3005.42,2922.7,2990.99,115166.3226
2024-07-05 16:00:00,2990.99,3001.63,2958.15,2987.99,60768.6971
2024-07-05 20:00:00,2987.98,2993.2,2963.86,2981.78,23306.6658
2024-07-06 00:00:00,2981.79,3026.45,2955.06,2980.01,39909.0097
2024-07-06 04:00:00,2980.0,3016.37,2961.65,3004.69,33024.5438
2024-07-06 08:00:00,3004.69,3016.0,2985.06,3005.65,44828.7897
2024-07-06 12:00:00,3005.66,3030.0,2989.49,3020.0,33557.5287
2024-07-06 16:00:00,3020.0,3065.94,3016.31,3058.21,40135.8109
2024-07-06 20:00:00,3058.2,3081.78,3056.47,3066.83,23032.2885
2024-07-07 00:00:00,3066.83,3073.08,3039.4,3050.76,23898.9918
2024-07-07 04:00:00,3050.76,3050.77,2993.51,3004.42,29985.9767
2024-07-07 08:00:00,3004.42,3032.18,3004.12,3015.51,19843.9563
2024-07-07 12:00:00,3015.52,3024.05,2955.12,2970.99,41810.4444
2024-07-07 16:00:00,2970.99,3009.58,2963.89,2985.19,21260.5898
2024-07-07 20:00:00,2985.2,3000.72,2922.24,2931.0,43092.8022
2024-07-08 00:00:00,2930.99,2951.89,2822.8,2879.71,111600.3586
2024-07-08 04:00:00,2879.71,2932.79,2875.22,2927.0,40517.0278
2024-07-08 08:00:00,2927.02,3097.06,2922.71,3053.97,118196.4132
2024-07-08 12:00:00,3053.98,3064.71,2890.0,2969.21,156027.0736
2024-07-08 16:00:00,2969.21,3009.88,2945.4,3004.59,38601.6244
2024-07-08 20:00:00,3004.6,3046.0,2981.82,3019.01,35502.5129
2024-07-09 00:00:00,3019.01,3076.74,3004.0,3064.45,51172.7521
2024-07-09 04:00:00,3064.45,3090.38,3054.14,3061.93,39909.1489
2024-07-09 08:00:00,3061.94,3115.2,3054.99,3083.47,41048.4455
2024-07-09 12:00:00,3083.45,3108.72,3031.06,3067.83,72995.9956
2024-07-09 16:00:00,3067.83,3089.34,3046.99,3068.99,53707.8018
2024-07-09 20:00:00,3069.0,3079.2,3046.32,3066.65,21523.9985
2024-07-10 00:00:00,3066.65,3082.46,3024.0,3080.0,29726.4409
2024-07-10 04:00:00,3080.0,3129.89,3080.0,3097.08,54747.9557
2024-07-10 08:00:00,3097.07,3109.1,3078.43,3102.22,27639.2203
2024-07-10 12:00:00,3102.22,3129.61,3077.76,3122.76,77648.5786
2024-07-10 16:00:00,3122.76,3151.51,3090.17,3107.03,49062.5774
2024-07-10 20:00:00,3107.03,3112.1,3080.21,3101.05,32002.3115
2024-07-11 00:00:00,3101.06,3130.0,3054.76,3077.2,34911.342
2024-07-11 04:00:00,3077.2,3124.15,3073.99,3118.22,22671.2036
2024-07-11 08:00:00,3118.22,3156.93,3114.52,3147.04,40591.5006
2024-07-11 12:00:00,3147.04,3217.24,3104.52,3117.95,116955.8929
2024-07-11 16:00:00,3117.95,3148.58,3097.3,3107.11,43267.1929
2024-07-11 20:00:00,3107.11,3123.7,3086.0,3099.57,30832.188
2024-07-12 00:00:00,3099.57,3117.92,3055.11,3085.74,32384.1963
2024-07-12 04:00:00,3085.62,3098.67,3057.87,3072.3,20230.5029
2024-07-12 08:00:00,3072.3,3086.24,3045.58,3070.0,32506.8939
2024-07-12 12:00:00,3070.0,3139.74,3057.58,3131.34,42632.5813
2024-07-12 16:00:00,3131.34,3157.89,3112.47,3116.1,32682.231
2024-07-12 20:00:00,3116.1,3135.4,3090.0,3133.88,25308.7771
2024-07-13 00:00:00,3133.89,3140.4,3120.3,3120.94,14045.7686
2024-07-13 04:00:00,3120.95,3142.62,3113.37,3140.21,15588.5675
2024-07-13 08:00:00,3140.2,3171.0,3128.99,3156.84,28706.7349
2024-07-13 12:00:00,3156.84,3165.67,3140.94,3154.87,18763.0676
2024-07-13 16:00:00,3154.86,3165.32,3146.85,3163.75,11736.4726
2024-07-13 20:00:00,3163.75,3201.8,3144.26,3175.93,30461.8657
2024-07-14 00:00:00,3175.93,3193.61,3163.67,3172.75,23189.3613
2024-07-14 04:00:00,3172.74,3206.7,3171.22,3195.4,31503.902
2024-07-14 08:00:00,3195.4,3225.13,3195.4,3202.84,29415.9314
2024-07-14 12:00:00,3202.85,3204.48,3173.68,3190.48,24709.3054
2024-07-14 16:00:00,3190.47,3197.9,3183.31,3190.9,15171.9991
2024-07-14 20:00:00,3190.9,3268.72,3190.24,3245.08,41440.2724
2024-07-15 00:00:00,3245.2,3342.19,3233.22,3329.37,62167.7706
2024-07-15 04:00:00,3329.37,3369.42,3320.78,3355.95,52045.5258
2024-07-15 08:00:00,3355.96,3373.0,3328.0,3339.68,35902.2987
2024-07-15 12:00:00,3339.68,3393.69,3333.33,3367.83,41384.83
2024-07-15 16:00:00,3367.82,3431.92,3358.21,3406.0,64769.2902
2024-07-15 20:00:00,3406.0,3493.63,3403.21,3483.39,58027.1299
2024-07-16 00:00:00,3483.2,3498.59,3453.96,3469.51,43190.2791
2024-07-16 04:00:00,3469.51,3478.52,3372.2,3376.8,85385.3345
2024-07-16 08:00:00,3376.8,3425.0,3346.55,3419.79,52731.1967
2024-07-16 12:00:00,3419.78,3484.73,3375.6,3476.25,72924.2562
2024-07-16 16:00:00,3476.21,3494.38,3441.61,3474.4,75353.5961
2024-07-16 20:00:00,3474.4,3475.0,3414.31,3444.13,46544.1243
2024-07-17 00:00:00,3444.14,3517.0,3441.86,3480.25,63187.5187
2024-07-17 04:00:00,3480.25,3514.54,3471.99,3486.22,44337.3766
2024-07-17 08:00:00,3486.23,3500.0,3440.96,3449.03,56767.5254
2024-07-17 12:00:00,3449.03,3475.5,3432.49,3437.17,52698.6235
2024-07-17 16:00:00,3437.18,3438.92,3376.0,3416.79,55994.1642
2024-07-17 20:00:00,3416.79,3428.4,3385.5,3387.05,24827.3078
2024-07-18 00:00:00,3387.05,3441.49,3383.43,3431.4,37282.1827
2024-07-18 04:00:00,3431.4,3454.08,3408.95,3433.0,30323.182
2024-07-18 08:00:00,3433.0,3461.01,3431.34,3458.83,36230.4199
2024-07-18 12:00:00,3458.83,3489.98,3385.01,3389.28,71240.042
2024-07-18 16:00:00,3389.29,3424.24,3367.2,3405.6,51836.371
2024-07-18 20:00:00,3405.59,3437.3,3397.44,3426.5,15038.1481
2024-07-19 00:00:00,3426.49,3432.92,3384.04,3429.59,31002.0002
2024-07-19 04:00:00,3429.59,3450.5,3386.69,3391.59,40087.0717
2024-07-19 08:00:00,3391.59,3412.0,3377.0,3404.54,36661.6142
2024-07-19 12:00:00,3404.55,3474.99,3395.99,3465.0,76379.9615
2024-07-19 16:00:00,3465.0,3540.27,3464.99,3522.97,82209.5679
2024-07-19 20:00:00,3522.98,3525.96,3492.54,3503.53,33171.4267
2024-07-20 00:00:00,3503.53,3508.49,3480.0,3495.01,25294.795
2024-07-20 04:00:00,3495.01,3508.18,3487.39,3487.4,24381.936
2024-07-20 08:00:00,3487.39,3494.59,3480.5,3484.81,19729.9081
2024-07-20 12:00:00,3484.81,3507.84,3481.2,3503.72,24138.4776
2024-07-20 16:00:00,3503.71,3539.65,3490.53,3514.45,40940.6088
2024-07-20 20:00:00,3514.44,3526.22,3500.2,3517.5,13025.091
2024-07-21 00:00:00,3517.5,3528.8,3503.7,3510.47,13607.9347
2024-07-21 04:00:00,3510.47,3513.6,3476.6,3485.01,22407.1774
2024-07-21 08:00:00,3485.0,3507.21,3483.8,3498.79,15423.6252
2024-07-21 12:00:00,3498.79,3517.1,3482.47,3499.95,26306.5045
2024-07-21 16:00:00,3499.95,3526.12,3411.4,3490.72,90344.3959
2024-07-21 20:00:00,3490.72,3547.0,3482.6,3535.92,50801.3279
2024-07-22 00:00:00,3535.93,3562.82,3515.27,3517.33,34508.7552
2024-07-22 04:00:00,3517.34,3523.58,3459.6,3478.89,36911.2107
2024-07-22 08:00:00,3478.9,3503.85,3469.0,3500.31,20343.0402
2024-07-22 12:00:00,3500.3,3507.35,3435.6,3457.15,51488.7864
2024-07-22 16:00:00,3457.15,3498.63,3444.86,3498.14,26567.2598
2024-07-22 20:00:00,3498.18,3499.53,3422.34,3439.6,38040.452
2024-07-23 00:00:00,3439.61,3490.14,3435.43,3474.99,43702.0655
2024-07-23 04:00:00,3474.99,3483.45,3425.0,3454.84,51045.7694
2024-07-23 08:00:00,3454.85,3541.0,3452.09,3516.0,106597.3643
2024-07-23 12:00:00,3516.01,3518.8,3429.59,3454.38,125107.7628
2024-07-23 16:00:00,3454.38,3496.49,3389.0,3457.03,109045.3008
2024-07-23 20:00:00,3457.03,3500.0,3454.94,3482.51,65070.5183
2024-07-24 00:00:00,3482.51,3487.82,3427.4,3448.36,51607.5929
2024-07-24 04:00:00,3448.36,3451.74,3429.61,3446.69,22627.1401
2024-07-24 08:00:00,3446.69,3472.33,3443.17,3459.63,28795.0939
2024-07-24 12:00:00,3459.63,3471.54,3409.01,3414.87,60536.0716
2024-07-24 16:00:00,3414.87,3432.4,3357.4,3363.0,46904.3022
2024-07-24 20:00:00,3362.99,3376.48,3300.0,3335.81,65008.8499
2024-07-25 00:00:00,3335.82,3342.5,3153.04,3168.3,162147.9909
2024-07-25 04:00:00,3168.31,3194.65,3130.0,3171.84,71301.3644
2024-07-25 08:00:00,3171.84,3187.8,3152.89,3172.5,46850.1646
2024-07-25 12:00:00,3172.49,3183.79,3105.35,3142.28,92866.4623
2024-07-25 16:00:00,3142.28,3172.75,3100.9,3123.88,56723.5005
2024-07-25 20:00:00,3123.88,3198.5,3087.53,3175.48,64393.1571
2024-07-26 00:00:00,3175.47,3259.89,3171.0,3236.21,71558.0382
2024-07-26 04:00:00,3236.21,3276.0,3233.01,3251.0,53845.3085
2024-07-26 08:00:00,3251.0,3263.76,3234.43,3246.86,34743.6662
2024-07-26 12:00:00,3246.87,3271.14,3221.43,3255.02,55971.9473
2024-07-26 16:00:00,3255.02,3285.61,3242.62,3274.19,25068.6999
2024-07-26 20:00:00,3274.2,3286.36,3251.24,3274.61,19049.804
2024-07-27 00:00:00,3274.6,3275.06,3241.31,3245.0,23403.5223
2024-07-27 04:00:00,3245.0,3277.8,3243.96,3272.31,16695.5656
2024-07-27 08:00:00,3272.31,3282.98,3262.92,3278.41,18484.5109
2024-07-27 12:00:00,3278.41,3327.59,3269.68,3280.97,57472.8296
2024-07-27 16:00:00,3280.97,3291.81,3227.09,3261.0,44410.9596
2024-07-27 20:00:00,3261.0,3294.5,3191.01,3249.01,71524.5157
2024-07-28 00:00:00,3249.0,3256.36,3225.73,3237.7,18479.6243
2024-07-28 04:00:00,3237.71,3244.3,3198.11,3227.69,22571.814
2024-07-28 08:00:00,3227.69,3265.72,3215.87,3256.46,18512.5133
2024-07-28 12:00:00,3256.46,3279.93,3254.31,3268.61,20423.3467
2024-07-28 16:00:00,3268.61,3284.3,3262.2,3271.85,12981.7418
2024-07-28 20:00:00,3271.85,3273.78,3251.08,3270.16,10560.7928
2024-07-29 00:00:00,3270.16,3356.7,3267.17,3348.98,56328.9402
2024-07-29 04:00:00,3348.98,3389.0,3339.86,3366.91,47550.5766
2024-07-29 08:00:00,3366.9,3396.77,3361.82,3375.0,33297.2724
2024-07-29 12:00:00,3375.01,3386.8,3290.0,3308.67,69835.2343
2024-07-29 16:00:00,3308.66,3324.19,3258.0,3311.02,68829.5419
2024-07-29 20:00:00,3311.03,3353.38,3309.23,3317.66,42629.9401
2024-07-30 00:00:00,3317.66,3337.94,3282.3,3321.0,41748.5862
2024-07-30 04:00:00,3321.0,3353.41,3298.12,3340.9,26383.0201
2024-07-30 08:00:00,3340.9,3355.5,3327.09,3334.65,22941.9785
2024-07-30 12:00:00,3334.66,3366.4,3291.6,3321.0,40077.5343
2024-07-30 16:00:00,3321.0,3327.42,3260.0,3272.79,37527.1304
2024-07-30 20:00:00,3272.79,3285.23,3233.18,3279.21,28598.9146
2024-07-31 00:00:00,3279.2,3304.89,3262.04,3294.01,19396.1899
2024-07-31 04:00:00,3294.01,3332.04,3262.49,3317.5,41437.6447
2024-07-31 08:00:00,3317.49,3326.98,3306.81,3322.87,21979.6077
2024-07-31 12:00:00,3322.88,3350.0,3297.85,3302.36,53208.2554
2024-07-31 16:00:00,3302.35,3326.79,3245.0,3266.19,51571.4412
2024-07-31 20:00:00,3266.19,3271.87,3213.75,3232.74,46118.1963
2024-08-01 00:00:00,3232.74,3242.57,3171.65,3178.22,53390.5476
2024-08-01 04:00:00,3178.22,3189.8,3136.47,3166.81,49372.2508
2024-08-01 08:00:00,3166.82,3194.23,3165.52,3188.39,23439.8597
2024-08-01 12:00:00,3188.39,3207.0,3102.4,3117.18,75856.1791
2024-08-01 16:00:00,3117.18,3136.0,3080.02,3131.64,73912.6239
2024-08-01 20:00:00,3131.64,3219.34,3121.73,3203.4,47314.1494
2024-08-02 00:00:00,3203.4,3218.6,3136.41,3168.27,34860.9621
2024-08-02 04:00:00,3168.28,3175.52,3127.0,3147.42,29937.757
2024-08-02 08:00:00,3147.41,3166.95,3134.26,3153.73,29653.6551
2024-08-02 12:00:00,3153.73,3182.8,2985.13,3038.99,173912.4137
2024-08-02 16:00:00,3039.0,3048.59,2995.0,3011.64,55041.9854
2024-08-02 20:00:00,3011.64,3041.91,2967.0,2989.61,62297.2662
2024-08-03 00:00:00,2989.61,3003.53,2913.56,2982.5,68097.7841
2024-08-03 04:00:00,2982.49,2996.63,2961.04,2983.9,27043.971
2024-08-03 08:00:00,2983.81,3006.64,2974.5,2997.21,30768.4215
2024-08-03 12:00:00,2997.2,3018.02,2938.88,2942.4,39003.7122
2024-08-03 16:00:00,2942.4,2955.39,2878.0,2893.53,119955.4009
2024-08-03 20:00:00,2893.53,2922.41,2859.0,2903.64,59726.026
2024-08-04 00:00:00,2903.65,2935.46,2876.22,2915.78,32211.267
2024-08-04 04:00:00,2915.79,2922.0,2888.0,2893.24,25281.2304
2024-08-04 08:00:00,2893.24,2925.0,2876.93,2914.22,23191.0524
2024-08-04 12:00:00,2914.22,2925.8,2819.5,2826.98,88217.1839
2024-08-04 16:00:00,2827.0,2837.96,2630.0,2757.55,271340.6928
2024-08-04 20:00:00,2757.55,2772.74,2681.04,2688.92,71822.8347
2024-08-05 00:00:00,2688.91,2697.44,2111.0,2312.72,935014.2509
2024-08-05 04:00:00,2312.72,2386.44,2160.0,2357.55,603396.4171
2024-08-05 08:00:00,2357.54,2362.24,2224.22,2290.57,321924.8795
2024-08-05 12:00:00,2290.6,2462.9,2183.51,2450.8,511619.0657
2024-08-05 16:00:00,2450.8,2518.0,2364.14,2404.9,213856.426
2024-08-05 20:00:00,2404.89,2474.75,2401.53,2419.59,84793.0611
2024-08-06 00:00:00,2419.76,2547.43,2415.8,2491.9,124688.8145
2024-08-06 04:00:00,2491.9,2535.19,2478.53,2523.41,91242.331
2024-08-06 08:00:00,2523.42,2525.0,2440.32,2458.91,104813.2647
2024-08-06 12:00:00,2458.9,2556.23,2414.19,2527.6,166534.8948
2024-08-06 16:00:00,2527.59,2549.73,2480.99,2493.04,85929.469
2024-08-06 20:00:00,2493.04,2513.84,2446.08,2461.33,69075.0298
2024-08-07 00:00:00,2461.33,2530.0,2425.53,2507.27,89998.2153
2024-08-07 04:00:00,2507.26,2534.6,2485.12,2510.72,71252.392
2024-08-07 08:00:00,2510.79,2551.32,2470.0,2473.01,109157.3757
2024-08-07 12:00:00,2473.01,2487.64,2364.76,2412.75,177351.8683
2024-08-07 16:00:00,2412.76,2416.45,2326.95,2350.45,107767.2516
2024-08-07 20:00:00,2350.45,2370.0,2309.04,2342.8,74588.3199
2024-08-08 00:00:00,2342.79,2465.25,2320.4,2430.41,94210.6601
2024-08-08 04:00:00,2430.4,2445.32,2411.31,2414.0,47121.1834
2024-08-08 08:00:00,2414.0,2460.68,2408.6,2447.63,53930.8485
2024-08-08 12:00:00,2447.64,2525.68,2411.02,2507.2,155144.3221
2024-08-08 16:00:00,2507.21,2607.29,2504.02,2573.53,119225.8246
2024-08-08 20:00:00,2573.54,2724.1,2567.64,2682.5,116870.0367
2024-08-09 00:00:00,2682.5,2702.19,2646.4,2694.67,63994.929
2024-08-09 04:00:00,2694.66,2707.98,2649.0,2670.21,65306.4662
2024-08-09 08:00:00,2670.21,2681.28,2617.2,2634.92,59287.2414
2024-08-09 12:00:00,2634.93,2663.96,2556.4,2557.82,126842.6847
2024-08-09 16:00:00,2557.82,2609.75,2552.61,2590.8,47767.5934
2024-08-09 20:00:00,2590.8,2613.07,2562.39,2598.78,43541.0464
2024-08-10 00:00:00,2598.79,2644.7,2576.49,2602.59,41781.1559
2024-08-10 04:00:00,2602.6,2637.0,2588.4,2634.27,24360.3776
2024-08-10 08:00:00,2634.27,2642.84,2623.0,2636.58,23580.2801
2024-08-10 12:00:00,2636.58,2637.89,2597.0,2599.49,21751.9003
2024-08-10 16:00:00,2599.5,2622.84,2589.51,2603.01,42801.0115
2024-08-10 20:00:00,2603.01,2618.0,2596.21,2609.92,16737.6365
2024-08-11 00:00:00,2609.92,2668.28,2606.02,2646.38,29621.3165
2024-08-11 04:00:00,2646.39,2683.15,2634.0,2677.79,31780.3845
2024-08-11 08:00:00,2677.8,2720.0,2644.91,2652.61,59099.6587
2024-08-11 12:00:00,2652.6,2655.8,2594.46,2614.07,56736.4622
2024-08-11 16:00:00,2614.07,2645.92,2596.33,2599.06,50953.5936
2024-08-11 20:00:00,2599.06,2602.91,2540.0,2555.38,68907.499
2024-08-12 00:00:00,2555.38,2577.9,2510.05,2541.02,58146.0202
2024-08-12 04:00:00,2541.03,2582.75,2516.36,2567.27,43215.6712
2024-08-12 08:00:00,2567.27,2683.2,2558.54,2673.6,89661.5896
2024-08-12 12:00:00,2673.6,2723.7,2592.58,2689.2,160424.4042
2024-08-12 16:00:00,2689.2,2698.87,2627.89,2660.09,52993.2364
2024-08-12 20:00:00,2660.09,2750.0,2658.13,2722.3,78973.329
2024-08-13 00:00:00,2722.3,2738.4,2650.61,2656.39,75847.8786
2024-08-13 04:00:00,2656.38,2664.0,2635.13,2648.94,36317.3848
2024-08-13 08:00:00,2648.95,2658.34,2611.37,2644.65,36586.1892
2024-08-13 12:00:00,2644.66,2674.99,2630.91,2652.0,58394.3027
2024-08-13 16:00:00,2652.0,2730.28,2650.0,2711.46,80433.5472
2024-08-13 20:00:00,2711.46,2734.0,2692.85,2702.44,38089.3939
2024-08-14 00:00:00,2702.44,2725.4,2685.8,2709.39,29788.4378
2024-08-14 04:00:00,2709.4,2750.0,2707.72,2727.57,45833.5826
2024-08-14 08:00:00,2727.56,2764.05,2715.0,2750.24,57437.1613
2024-08-14 12:00:00,2750.24,2780.0,2632.2,2674.21,142243.9932
2024-08-14 16:00:00,2674.22,2674.22,2641.4,2669.06,38939.5101
2024-08-14 20:00:00,2669.06,2679.81,2641.3,2661.45,24566.0291
2024-08-15 00:00:00,2661.45,2673.57,2634.0,2652.5,35244.0635
2024-08-15 04:00:00,2652.49,2656.62,2589.0,2615.16,47768.0328
2024-08-15 08:00:00,2615.16,2644.1,2604.3,2637.73,32083.2746
2024-08-15 12:00:00,2637.73,2675.6,2633.0,2668.4,57024.9425
2024-08-15 16:00:00,2668.4,2675.0,2521.87,2549.59,130417.331
2024-08-15 20:00:00,2549.59,2589.55,2515.71,2569.89,54009.1615
2024-08-16 00:00:00,2569.9,2610.35,2552.17,2580.08,34928.8712
2024-08-16 04:00:00,2580.08,2628.83,2577.71,2617.45,36266.4295
2024-08-16 08:00:00,2617.44,2626.41,2606.55,2612.52,24004.2242
2024-08-16 12:00:00,2612.52,2619.89,2550.04,2568.97,73905.5159
2024-08-16 16:00:00,2568.96,2630.97,2564.13,2620.4,81118.3896
2024-08-16 20:00:00,2620.4,2626.19,2587.0,2592.73,20460.7069
2024-08-17 00:00:00,2592.72,2607.92,2587.5,2595.77,17799.5792
2024-08-17 04:00:00,2595.78,2603.65,2590.9,2600.24,10808.4453
2024-08-17 08:00:00,2600.24,2607.28,2593.0,2599.23,14186.2746
2024-08-17 12:00:00,2599.23,2618.65,2596.7,2606.78,19916.75
2024-08-17 16:00:00,2606.79,2629.69,2606.78,2614.94,15643.5968
2024-08-17 20:00:00,2614.95,2618.23,2600.0,2614.51,10994.0301
2024-08-18 00:00:00,2614.51,2638.22,2605.05,2606.6,25195.1998
2024-08-18 04:00:00,2606.61,2610.84,2594.53,2608.06,17655.2544
2024-08-18 08:00:00,2608.05,2669.49,2605.59,2649.4,46909.3327
2024-08-18 12:00:00,2649.4,2689.16,2643.06,2672.2,37248.2904
2024-08-18 16:00:00,2672.2,2678.38,2643.75,2667.9,19490.8698
2024-08-18 20:00:00,2667.99,2670.0,2610.05,2612.15,27575.1114
2024-08-19 00:00:00,2612.15,2647.42,2603.53,2644.41,39440.4953
2024-08-19 04:00:00,2644.41,2648.08,2612.0,2614.31,25322.1941
2024-08-19 08:00:00,2614.31,2622.26,2565.84,2587.9,47327.1464
2024-08-19 12:00:00,2587.91,2604.67,2563.58,2584.53,45893.9924
2024-08-19 16:00:00,2584.54,2629.96,2574.28,2606.63,44403.0922
2024-08-19 20:00:00,2606.63,2641.15,2604.32,2636.36,22480.2132
2024-08-20 00:00:00,2636.36,2677.0,2619.06,2661.99,44019.1489
2024-08-20 04:00:00,2662.0,2695.0,2657.63,2674.81,45897.8592
2024-08-20 08:00:00,2674.81,2676.4,2639.4,2642.45,28408.1903
2024-08-20 12:00:00,2642.46,2655.78,2555.0,2574.99,95187.741
2024-08-20 16:00:00,2575.0,2606.7,2565.8,2601.94,39842.9406
2024-08-20 20:00:00,2601.94,2609.93,2565.23,2572.82,27959.9951
2024-08-21 00:00:00,2572.81,2598.2,2557.0,2591.5,29772.4505
2024-08-21 04:00:00,2591.51,2606.6,2588.31,2600.72,20871.9622
2024-08-21 08:00:00,2600.73,2607.87,2567.35,2577.6,25994.1915
2024-08-21 12:00:00,2577.61,2618.0,2536.22,2601.89,82446.4366
2024-08-21 16:00:00,2601.88,2650.0,2592.58,2646.43,48427.2293
2024-08-21 20:00:00,2646.42,2663.74,2619.77,2630.71,37774.3517
2024-08-22 00:00:00,2630.71,2640.25,2584.2,2616.59,37855.1007
2024-08-22 04:00:00,2616.6,2642.33,2613.75,2636.29,20272.9857
2024-08-22 08:00:00,2636.3,2644.49,2619.6,2641.91,32925.1144
2024-08-22 12:00:00,2641.9,2644.69,2590.5,2599.4,60175.4528
2024-08-22 16:00:00,2599.41,2619.23,2597.4,2606.6,27850.849
2024-08-22 20:00:00,2606.61,2627.06,2606.47,2622.88,19983.617
2024-08-23 00:00:00,2622.89,2652.95,2621.4,2635.72,29172.9593
2024-08-23 04:00:00,2635.71,2689.0,2634.41,2669.23,63389.3545
2024-08-23 08:00:00,2669.24,2681.0,2650.99,2653.27,41876.3322
2024-08-23 12:00:00,2653.27,2699.0,2632.83,2671.09,91496.4468
2024-08-23 16:00:00,2671.09,2750.0,2663.0,2746.54,104960.0382
2024-08-23 20:00:00,2746.55,2799.13,2723.55,2762.48,70891.3137
2024-08-24 00:00:00,2762.49,2769.6,2742.47,2746.6,37141.1388
2024-08-24 04:00:00,2746.59,2765.3,2739.4,2758.48,38293.8238
2024-08-24 08:00:00,2758.48,2786.29,2754.82,2756.31,29140.0856
2024-08-24 12:00:00,2756.3,2764.58,2751.36,2761.07,28376.8278
2024-08-24 16:00:00,2761.06,2820.0,2760.28,2793.01,83086.7315
2024-08-24 20:00:00,2793.01,2807.61,2731.26,2768.0,47504.3366
2024-08-25 00:00:00,2768.01,2782.73,2748.9,2764.53,32309.0924
2024-08-25 04:00:00,2764.52,2770.29,2733.21,2743.4,25458.7456
2024-08-25 08:00:00,2743.39,2761.5,2737.23,2750.99,23915.8443
2024-08-25 12:00:00,2751.0,2772.9,2746.0,2763.81,21236.2074
2024-08-25 16:00:00,2763.81,2773.8,2760.15,2766.3,13737.9161
2024-08-25 20:00:00,2766.3,2792.28,2739.77,2746.13,37869.4294
2024-08-26 00:00:00,2746.12,2762.0,2718.14,2744.34,29741.3445
2024-08-26 04:00:00,2744.35,2752.2,2728.54,2733.13,20577.5855
2024-08-26 08:00:00,2733.13,2749.12,2710.01,2737.35,27380.4223
2024-08-26 12:00:00,2737.34,2742.47,2701.43,2721.69,55161.1476
2024-08-26 16:00:00,2721.69,2732.08,2675.52,2680.83,54876.0413
2024-08-26 20:00:00,2680.84,2693.23,2666.66,2680.49,23971.5835
2024-08-27 00:00:00,2680.49,2693.79,2667.12,2685.27,24222.1281
2024-08-27 04:00:00,2685.26,2699.98,2673.6,2687.9,35545.8362
2024-08-27 08:00:00,2687.9,2692.07,2619.3,2626.67,46222.7582
2024-08-27 12:00:00,2626.66,2628.91,2555.0,2579.3,99931.8544
2024-08-27 16:00:00,2579.3,2591.93,2563.49,2584.0,42186.7785
2024-08-27 20:00:00,2584.01,2588.34,2392.96,2457.33,164551.3643
2024-08-28 00:00:00,2457.33,2480.31,2418.8,2478.45,88136.9581
2024-08-28 04:00:00,2478.45,2485.99,2433.3,2437.02,56056.4456
2024-08-28 08:00:00,2437.02,2550.31,2429.14,2523.2,95664.2576
2024-08-28 12:00:00,2523.19,2539.4,2467.93,2496.05,71811.0681
2024-08-28 16:00:00,2496.05,2546.13,2456.19,2504.88,89785.8057
2024-08-28 20:00:00,2504.89,2554.6,2504.6,2528.33,49812.0989
2024-08-29 00:00:00,2528.33,2537.99,2512.2,2523.4,24672.3392
2024-08-29 04:00:00,2523.4,2559.39,2518.44,2547.53,31962.534
2024-08-29 08:00:00,2547.52,2574.22,2536.63,2555.21,33508.6029
2024-08-29 12:00:00,2555.2,2595.4,2552.14,2575.97,59653.3809
2024-08-29 16:00:00,2575.97,2585.69,2509.66,2528.54,61398.5516
2024-08-29 20:00:00,2528.55,2543.6,2505.88,2527.61,25807.5546
2024-08-30 00:00:00,2527.6,2535.4,2505.0,2516.8,28608.572
2024-08-30 04:00:00,2516.8,2533.52,2503.8,2517.41,34519.6722
2024-08-30 08:00:00,2517.42,2528.37,2507.31,2512.44,21297.5566
2024-08-30 12:00:00,2512.43,2552.17,2434.96,2448.75,103983.6261
2024-08-30 16:00:00,2448.76,2542.19,2431.14,2506.94,130701.1151
2024-08-30 20:00:00,2506.94,2530.66,2506.35,2526.0,19268.6521
2024-08-31 00:00:00,2525.99,2533.95,2518.86,2523.52,14166.9397
2024-08-31 04:00:00,2523.52,2529.86,2518.17,2521.01,14956.1787
2024-08-31 08:00:00,2521.01,2529.81,2511.47,2525.5,14773.6726
2024-08-31 12:00:00,2525.49,2527.8,2513.8,2519.19,15368.1774
2024-08-31 16:00:00,2519.18,2519.8,2491.92,2499.8,22057.3239
2024-08-31 20:00:00,2499.79,2528.22,2493.68,2513.01,16623.8224
2024-09-01 00:00:00,2513.0,2516.28,2476.44,2488.74,22040.3526
2024-09-01 04:00:00,2488.75,2491.18,2458.84,2486.82,26820.4775
2024-09-01 08:00:00,2486.82,2492.88,2459.02,2477.74,22368.1709
2024-09-01 12:00:00,2477.73,2489.31,2438.0,2480.83,47978.3656
2024-09-01 16:00:00,2480.83,2514.82,2457.16,2501.71,38784.3156
2024-09-01 20:00:00,2501.71,2516.0,2400.0,2425.72,65136.0938
2024-09-02 00:00:00,2425.71,2455.26,2423.52,2450.52,35331.6569
2024-09-02 04:00:00,2450.47,2466.2,2433.18,2441.14,37943.8673
2024-09-02 08:00:00,2441.14,2539.53,2438.39,2515.81,85893.6804
2024-09-02 12:00:00,2515.81,2528.0,2492.55,2513.2,41643.4238
2024-09-02 16:00:00,2513.2,2530.92,2505.78,2524.25,29916.1001
2024-09-02 20:00:00,2524.26,2564.83,2522.22,2538.01,31904.11
2024-09-03 00:00:00,2538.0,2553.6,2514.73,2516.0,27730.1585
2024-09-03 04:00:00,2516.0,2525.2,2512.46,2519.55,19383.1812
2024-09-03 08:00:00,2519.55,2520.54,2494.24,2509.59,20704.4681
2024-09-03 12:00:00,2509.59,2519.12,2435.79,2444.01,81518.5002
2024-09-03 16:00:00,2444.01,2469.87,2435.83,2447.6,41528.1331
2024-09-03 20:00:00,2447.6,2470.57,2411.12,2425.29,33928.6888
2024-09-04 00:00:00,2425.28,2449.22,2306.65,2373.0,144366.9266
2024-09-04 04:00:00,2372.99,2414.71,2363.56,2401.52,45719.3498
2024-09-04 08:00:00,2401.52,2410.83,2387.15,2398.77,36620.6349
2024-09-04 12:00:00,2398.77,2458.57,2393.16,2455.4,91240.017
2024-09-04 16:00:00,2455.39,2490.0,2439.2,2452.16,48221.7855
2024-09-04 20:00:00,2452.15,2469.55,2443.32,2450.71,18010.6716
2024-09-05 00:00:00,2450.71,2466.0,2404.28,2405.55,51182.1435
2024-09-05 04:00:00,2405.56,2418.47,2376.72,2412.4,42138.4727
2024-09-05 08:00:00,2412.41,2416.35,2383.16,2389.54,28448.2371
2024-09-05 12:00:00,2389.53,2415.15,2355.8,2371.43,85446.0382
2024-09-05 16:00:00,2371.43,2395.99,2348.04,2363.97,43189.7973
2024-09-05 20:00:00,2363.97,2378.33,2350.0,2368.81,28144.4081
2024-09-06 00:00:00,2368.81,2408.4,2357.6,2392.63,32980.5199
2024-09-06 04:00:00,2392.63,2397.35,2321.21,2344.45,57143.7515
2024-09-06 08:00:00,2344.44,2379.4,2338.57,2372.95,39913.21
2024-09-06 12:00:00,2372.96,2408.83,2266.0,2290.21,175343.7092
2024-09-06 16:00:00,2290.21,2293.17,2207.4,2222.56,176299.547
2024-09-06 20:00:00,2222.56,2229.89,2150.55,2225.23,161346.3734
2024-09-07 00:00:00,2225.24,2243.0,2220.98,2238.41,34327.2918
2024-09-07 04:00:00,2238.41,2293.76,2237.61,2288.11,54140.9563
2024-09-07 08:00:00,2288.11,2299.47,2275.2,2283.7,29197.2328
2024-09-07 12:00:00,2283.7,2311.27,2282.03,2300.49,35018.3105
2024-09-07 16:00:00,2300.49,2304.54,2263.4,2290.44,41600.0682
2024-09-07 20:00:00,2290.43,2291.19,2257.37,2273.58,25169.348
2024-09-08 00:00:00,2273.58,2288.33,2263.22,2286.04,19091.7911
2024-09-08 04:00:00,2286.04,2304.8,2283.75,2294.94,21958.6858
2024-09-08 08:00:00,2294.94,2309.86,2287.64,2296.6,24075.8922
2024-09-08 12:00:00,2296.6,2299.0,2240.94,2245.74,52232.089
2024-09-08 16:00:00,2245.74,2283.46,2243.26,2272.09,27008.5984
2024-09-08 20:00:00,2272.08,2333.58,2267.39,2297.3,48408.5928
2024-09-09 00:00:00,2297.3,2320.74,2288.61,2304.23,36474.1665
2024-09-09 04:00:00,2304.23,2316.51,2283.1,2314.33,31102.4478
2024-09-09 08:00:00,2314.33,2339.0,2310.06,2315.29,45191.1776
2024-09-09 12:00:00,2315.3,2325.51,2272.8,2292.55,71423.5153
2024-09-09 16:00:00,2292.56,2352.89,2291.0,2350.57,91396.0358
2024-09-09 20:00:00,2350.57,2381.41,2337.04,2359.5,46111.647
2024-09-10 00:00:00,2359.51,2360.59,2334.99,2340.84,27409.2787
2024-09-10 04:00:00,2340.85,2366.47,2328.0,2363.51,27052.9146
2024-09-10 08:00:00,2363.51,2372.0,2339.08,2351.0,33662.5301
2024-09-10 12:00:00,2351.0,2364.16,2320.41,2325.01,56700.2756
2024-09-10 16:00:00,2325.01,2391.94,2324.52,2380.73,47628.1754
2024-09-10 20:00:00,2380.73,2400.0,2372.2,2388.52,31928.9985
2024-09-11 00:00:00,2388.52,2389.32,2339.0,2348.31,39080.7694
2024-09-11 04:00:00,2348.31,2348.31,2318.66,2341.66,32934.4948
2024-09-11 08:00:00,2341.66,2341.89,2306.45,2327.59,29236.327
2024-09-11 12:00:00,2327.59,2355.32,2277.68,2325.9,110620.3982
2024-09-11 16:00:00,2325.89,2368.87,2324.48,2340.6,54352.1621
2024-09-11 20:00:00,2340.6,2351.8,2333.0,2340.55,16674.161
2024-09-12 00:00:00,2340.54,2391.93,2339.54,2368.0,44561.7461
2024-09-12 04:00:00,2368.01,2379.33,2352.74,2359.59,25955.6825
2024-09-12 08:00:00,2359.59,2365.99,2343.2,2348.55,23459.5022
2024-09-12 12:00:00,2348.56,2366.98,2315.39,2323.2,54189.4376
2024-09-12 16:00:00,2323.2,2361.54,2322.42,2361.03,32562.9832
2024-09-12 20:00:00,2361.03,2373.64,2341.5,2361.76,21881.7792
2024-09-13 00:00:00,2361.75,2364.56,2350.27,2356.04,13613.7223
2024-09-13 04:00:00,2356.04,2359.2,2337.35,2348.88,17905.2743
2024-09-13 08:00:00,2348.87,2376.22,2341.66,2354.35,27196.9041
2024-09-13 12:00:00,2354.39,2412.61,2342.41,2407.79,84151.519
2024-09-13 16:00:00,2407.79,2428.38,2396.06,2421.07,64306.4597
2024-09-13 20:00:00,2421.06,2464.82,2413.14,2439.19,46714.7366
2024-09-14 00:00:00,2439.19,2440.6,2422.28,2432.94,23620.601
2024-09-14 04:00:00,2432.94,2433.6,2413.8,2420.23,16326.8004
2024-09-14 08:00:00,2420.23,2421.76,2407.98,2417.07,19673.4027
2024-09-14 12:00:00,2417.08,2424.11,2412.17,2418.54,19119.1368
2024-09-14 16:00:00,2418.55,2421.15,2376.72,2408.71,31801.3372
2024-09-14 20:00:00,2408.71,2422.99,2407.16,2417.79,12389.9521
2024-09-15 00:00:00,2417.8,2430.32,2416.53,2420.09,14598.6023
2024-09-15 04:00:00,2420.09,2424.49,2414.1,2422.9,9048.6699
2024-09-15 08:00:00,2422.89,2423.18,2401.75,2406.86,14771.6684
2024-09-15 12:00:00,2406.86,2418.72,2396.28,2408.71,20382.7049
2024-09-15 16:00:00,2408.72,2409.12,2362.71,2372.35,41671.0716
2024-09-15 20:00:00,2372.34,2372.34,2283.75,2316.1,73891.4775
2024-09-16 00:00:00,2316.09,2322.6,2252.39,2278.38,86962.8377
2024-09-16 04:00:00,2278.38,2312.86,2276.1,2310.69,42263.8162
2024-09-16 08:00:00,2310.69,2335.7,2289.0,2307.8,45264.6371
2024-09-16 12:00:00,2307.8,2312.6,2269.52,2287.72,53576.0851
2024-09-16 16:00:00,2287.73,2311.06,2269.25,2275.22,57131.6662
2024-09-16 20:00:00,2275.22,2301.6,2267.6,2295.68,45356.1897
2024-09-17 00:00:00,2295.67,2298.91,2263.29,2284.18,28503.775
2024-09-17 04:00:00,2284.19,2310.75,2282.44,2309.18,23151.7754
2024-09-17 08:00:00,2309.18,2323.69,2302.46,2308.12,40567.8112
2024-09-17 12:00:00,2308.12,2393.63,2302.61,2383.79,100277.9426
2024-09-17 16:00:00,2383.79,2390.0,2327.9,2353.09,55350.6039
2024-09-17 20:00:00,2353.09,2361.6,2328.79,2341.8,26354.3507
2024-09-18 00:00:00,2341.79,2343.28,2309.69,2334.79,33269.0484
2024-09-18 04:00:00,2334.79,2336.24,2312.64,2330.0,24340.0227
2024-09-18 08:00:00,2330.0,2330.01,2277.34,2300.59,43998.7581
2024-09-18 12:00:00,2300.6,2318.0,2288.0,2296.0,39254.5568
2024-09-18 16:00:00,2296.0,2364.42,2288.25,2315.19,107978.8702
2024-09-18 20:00:00,2315.19,2376.14,2290.0,2374.75,44076.3446
2024-09-19 00:00:00,2374.74,2412.82,2372.6,2403.68,74063.4655
2024-09-19 04:00:00,2403.69,2442.6,2399.59,2438.06,51924.8166
2024-09-19 08:00:00,2438.07,2442.1,2423.35,2435.35,42639.8525
2024-09-19 12:00:00,2435.34,2453.0,2420.48,2440.0,57030.3325
2024-09-19 16:00:00,2439.99,2494.95,2433.41,2460.93,69471.6538
2024-09-19 20:00:00,2460.94,2478.8,2452.26,2465.21,31615.9111
2024-09-20 00:00:00,2465.21,2521.71,2437.31,2520.56,49254.4522
2024-09-20 04:00:00,2520.56,2571.93,2516.81,2561.0,103499.6359
2024-09-20 08:00:00,2561.0,2565.0,2539.34,2544.96,43297.2088
2024-09-20 12:00:00,2544.95,2570.0,2516.2,2560.27,81292.3298
2024-09-20 16:00:00,2560.27,2569.0,2525.36,2540.98,42141.6771
2024-09-20 20:00:00,2540.97,2562.4,2538.47,2561.4,21269.2874
2024-09-21 00:00:00,2561.4,2587.4,2534.17,2544.0,43762.2681
2024-09-21 04:00:00,2544.01,2558.99,2528.97,2555.77,24115.9844
2024-09-21 08:00:00,2555.77,2557.34,2545.04,2556.5,13639.3088
2024-09-21 12:00:00,2556.49,2576.47,2550.44,2560.0,26807.5925
2024-09-21 16:00:00,2560.0,2578.4,2556.21,2572.05,16053.7707
2024-09-21 20:00:00,2572.06,2623.34,2560.0,2612.4,30378.9528
2024-09-22 00:00:00,2612.4,2632.57,2588.1,2594.71,44959.9
2024-09-22 04:00:00,2594.7,2604.6,2576.01,2587.99,23704.0734
2024-09-22 08:00:00,2587.99,2595.76,2569.61,2580.59,27603.6937
2024-09-22 12:00:00,2580.59,2588.0,2554.82,2570.51,35522.7974
2024-09-22 16:00:00,2570.51,2591.69,2552.49,2578.37,36410.4297
2024-09-22 20:00:00,2578.38,2594.0,2524.58,2581.0,46065.4315
2024-09-23 00:00:00,2580.99,2687.24,2539.49,2676.71,98308.8181
2024-09-23 04:00:00,2676.71,2681.13,2636.49,2646.48,44218.2619
2024-09-23 08:00:00,2646.47,2662.47,2633.91,2646.0,36840.1003
2024-09-23 12:00:00,2646.0,2685.1,2631.45,2675.38,59269.4637
2024-09-23 16:00:00,2675.37,2702.82,2658.08,2672.97,58966.6192
2024-09-23 20:00:00,2672.97,2682.3,2639.55,2646.97,35678.7517
2024-09-24 00:00:00,2646.98,2651.39,2609.4,2627.4,52066.9646
2024-09-24 04:00:00,2627.39,2649.4,2618.28,2647.0,25605.4939
2024-09-24 08:00:00,2647.0,2667.75,2619.35,2636.85,45110.5414
2024-09-24 12:00:00,2636.86,2646.36,2591.56,2612.44,79666.7414
2024-09-24 16:00:00,2612.44,2657.0,2611.07,2650.49,44179.4142
2024-09-24 20:00:00,2650.49,2670.96,2640.14,2653.2,41970.8847
2024-09-25 00:00:00,2653.2,2673.5,2632.5,2646.6,45571.698
2024-09-25 04:00:00,2646.61,2646.87,2610.53,2621.47,36076.8035
2024-09-25 08:00:00,2621.48,2630.52,2613.99,2627.4,28484.7217
2024-09-25 12:00:00,2627.39,2629.56,2595.61,2600.81,40267.1429
2024-09-25 16:00:00,2600.81,2609.39,2564.77,2570.69,47192.8845
2024-09-25 20:00:00,2570.69,2584.75,2554.05,2579.95,22750.1787
2024-09-26 00:00:00,2580.09,2607.0,2559.2,2602.3,41277.9557
2024-09-26 04:00:00,2602.31,2634.95,2591.75,2629.8,30667.359
2024-09-26 08:00:00,2629.8,2639.5,2612.83,2628.8,46833.8007
2024-09-26 12:00:00,2628.79,2663.8,2607.92,2652.01,82796.5157
2024-09-26 16:00:00,2652.01,2666.22,2626.8,2648.99,46663.0564
2024-09-26 20:00:00,2649.0,2654.97,2617.49,2632.26,30447.6698
2024-09-27 00:00:00,2632.25,2644.9,2615.21,2638.66,26768.3738
2024-09-27 04:00:00,2638.66,2668.37,2636.8,2657.27,56713.5886
2024-09-27 08:00:00,2657.28,2677.61,2641.3,2652.0,41596.5263
2024-09-27 12:00:00,2652.0,2699.68,2642.2,2683.62,67237.2116
2024-09-27 16:00:00,2683.63,2728.6,2678.49,2701.37,71817.2564
2024-09-27 20:00:00,2701.38,2708.41,2689.99,2694.43,17694.0225
2024-09-28 00:00:00,2694.43,2704.35,2688.01,2690.31,21128.0815
2024-09-28 04:00:00,2690.31,2700.36,2674.75,2677.93,24118.7176
2024-09-28 08:00:00,2677.93,2678.42,2650.0,2675.22,29681.2006
2024-09-28 12:00:00,2675.23,2675.9,2652.2,2669.9,24672.6722
2024-09-28 16:00:00,2669.89,2684.51,2662.21,2678.34,21399.5884
2024-09-28 20:00:00,2678.33,2680.33,2655.5,2675.21,16229.7739
2024-09-29 00:00:00,2675.21,2683.7,2663.64,2674.96,13413.3075
2024-09-29 04:00:00,2674.96,2674.96,2629.73,2640.44,55180.1074
2024-09-29 08:00:00,2640.43,2655.0,2634.2,2652.49,24320.7835
2024-09-29 12:00:00,2652.49,2669.2,2641.0,2666.38,24891.9894
2024-09-29 16:00:00,2666.38,2671.8,2650.49,2666.78,20369.8117
2024-09-29 20:00:00,2666.77,2673.41,2648.0,2657.62,22378.3151
2024-09-30 00:00:00,2657.62,2663.5,2601.12,2629.89,67474.6477
2024-09-30 04:00:00,2629.89,2643.53,2623.08,2637.82,27997.402
2024-09-30 08:00:00,2637.81,2643.08,2592.42,2628.94,66786.5368
2024-09-30 12:00:00,2628.94,2638.94,2593.73,2596.0,35767.354
2024-09-30 16:00:00,2595.99,2610.01,2575.0,2595.31,45071.6506
2024-09-30 20:00:00,2595.31,2617.46,2576.58,2602.23,39378.205
2024-10-01 00:00:00,2602.24,2633.3,2591.34,2629.83,46721.4787
2024-10-01 04:00:00,2629.83,2659.0,2627.6,2645.61,41960.4537
2024-10-01 08:00:00,2645.61,2647.19,2628.47,2628.87,28094.2912
2024-10-01 12:00:00,2628.86,2633.42,2481.4,2524.81,162363.3521
2024-10-01 16:00:00,2524.81,2531.4,2428.34,2488.71,137494.6322
2024-10-01 20:00:00,2488.71,2492.4,2414.0,2447.79,86194.4725
2024-10-02 00:00:00,2447.78,2499.0,2442.13,2489.6,44750.7125
2024-10-02 04:00:00,2489.6,2492.93,2467.19,2482.04,33754.5231
2024-10-02 08:00:00,2482.03,2486.89,2441.71,2455.22,39918.2223
2024-10-02 12:00:00,2455.22,2463.67,2418.8,2460.4,69451.668
2024-10-02 16:00:00,2460.4,2478.89,2368.03,2371.77,74986.2284
2024-10-02 20:00:00,2371.77,2392.99,2352.0,2364.1,54623.3807
2024-10-03 00:00:00,2364.09,2399.6,2352.59,2399.32,42118.3821
2024-10-03 04:00:00,2399.32,2403.38,2360.0,2364.66,42369.5009
2024-10-03 08:00:00,2364.65,2370.0,2318.72,2352.34,83288.927
2024-10-03 12:00:00,2352.35,2366.09,2310.0,2340.59,87184.8993
2024-10-03 16:00:00,2340.6,2354.31,2312.0,2353.51,39550.6975
2024-10-03 20:00:00,2353.51,2357.9,2332.6,2349.8,20123.5195
2024-10-04 00:00:00,2349.8,2380.0,2339.15,2367.06,38159.3861
2024-10-04 04:00:00,2367.07,2387.58,2365.63,2381.6,29429.7729
2024-10-04 08:00:00,2381.6,2393.52,2374.11,2386.2,24944.9194
2024-10-04 12:00:00,2386.2,2418.41,2352.6,2417.05,79263.7285
2024-10-04 16:00:00,2417.1,2441.64,2409.67,2428.9,52325.0473
2024-10-04 20:00:00,2428.9,2431.74,2412.4,2414.41,15260.1628
2024-10-05 00:00:00,2414.41,2428.23,2390.26,2399.6,20356.2535
2024-10-05 04:00:00,2399.61,2427.0,2397.11,2415.1,14638.4733
2024-10-05 08:00:00,2415.11,2428.22,2415.1,2417.19,14026.2539
2024-10-05 12:00:00,2417.19,2424.15,2404.7,2415.01,20570.7141
2024-10-05 16:00:00,2415.01,2416.1,2392.8,2396.54,18796.2094
2024-10-05 20:00:00,2396.54,2419.5,2390.05,2414.66,15352.3274
2024-10-06 00:00:00,2414.66,2423.0,2407.0,2413.64,11865.5663
2024-10-06 04:00:00,2413.63,2421.0,2410.35,2417.38,10555.4611
2024-10-06 08:00:00,2417.39,2430.73,2415.4,2426.63,13919.4157
2024-10-06 12:00:00,2426.64,2457.8,2424.91,2446.62,28185.7731
2024-10-06 16:00:00,2446.62,2453.0,2435.4,2441.39,20084.9861
2024-10-06 20:00:00,2441.4,2444.6,2415.65,2440.03,21141.5073
2024-10-07 00:00:00,2440.02,2512.92,2435.84,2495.34,64906.1124
2024-10-07 04:00:00,2495.34,2498.7,2477.24,2480.53,24519.6837
2024-10-07 08:00:00,2480.54,2488.87,2437.9,2475.84,53068.404
2024-10-07 12:00:00,2475.84,2521.0,2462.67,2474.23,69983.6456
2024-10-07 16:00:00,2474.24,2481.2,2420.01,2445.62,50138.6127
2024-10-07 20:00:00,2445.62,2457.65,2403.0,2422.71,37843.0823
2024-10-08 00:00:00,2422.7,2448.1,2422.7,2438.13,23442.3811
2024-10-08 04:00:00,2438.13,2445.74,2410.51,2428.6,30639.3201
2024-10-08 08:00:00,2428.6,2441.74,2417.4,2439.71,20649.4241
2024-10-08 12:00:00,2439.71,2453.23,2401.18,2419.5,63179.4006
2024-10-08 16:00:00,2419.49,2456.62,2411.17,2440.13,43221.5315
2024-10-08 20:00:00,2440.13,2466.66,2434.06,2440.89,20226.2738
2024-10-09 00:00:00,2440.88,2473.61,2427.44,2446.78,35935.5975
2024-10-09 04:00:00,2446.78,2452.61,2431.71,2436.01,21223.492
2024-10-09 08:00:00,2436.0,2442.55,2427.79,2441.7,22985.73
2024-10-09 12:00:00,2441.69,2472.08,2423.13,2461.3,55578.003
2024-10-09 16:00:00,2461.3,2462.61,2407.43,2418.3,40763.1329
2024-10-09 20:00:00,2418.3,2418.3,2351.42,2370.47,65596.3171
2024-10-10 00:00:00,2370.47,2400.6,2366.87,2395.3,38178.3731
2024-10-10 04:00:00,2395.31,2411.38,2391.12,2395.8,20018.0731
2024-10-10 08:00:00,2395.78,2408.12,2368.55,2406.56,32497.4526
2024-10-10 12:00:00,2406.56,2408.93,2370.0,2404.63,50311.8395
2024-10-10 16:00:00,2404.62,2421.36,2330.66,2367.13,93309.876
2024-10-10 20:00:00,2367.13,2387.09,2357.07,2386.49,23547.3476
2024-10-11 00:00:00,2386.49,2416.94,2381.86,2411.1,30289.8309
2024-10-11 04:00:00,2411.18,2418.55,2403.36,2407.64,24815.734
2024-10-11 08:00:00,2407.64,2426.22,2402.65,2417.82,29077.8241
2024-10-11 12:00:00,2417.83,2453.84,2414.51,2443.81,70787.7003
2024-10-11 16:00:00,2443.8,2471.45,2433.46,2459.6,54255.9426
2024-10-11 20:00:00,2459.59,2462.31,2434.22,2439.5,26214.1878
2024-10-12 00:00:00,2439.49,2451.37,2434.35,2439.04,25581.3859
2024-10-12 04:00:00,2439.05,2451.77,2439.05,2446.69,19107.4669
2024-10-12 08:00:00,2446.68,2467.51,2442.61,2452.5,22359.2388
2024-10-12 12:00:00,2452.5,2484.0,2448.8,2473.11,38159.8719
2024-10-12 16:00:00,2473.1,2486.75,2466.66,2472.6,21868.9413
2024-10-12 20:00:00,2472.6,2490.51,2469.1,2476.4,12560.6014
2024-10-13 00:00:00,2476.4,2484.92,2452.55,2457.86,22224.4323
2024-10-13 04:00:00,2457.86,2469.84,2457.32,2465.0,11829.3096
2024-10-13 08:00:00,2465.0,2471.74,2457.52,2458.27,13286.2189
2024-10-13 12:00:00,2458.27,2470.49,2436.4,2440.51,25303.6962
2024-10-13 16:00:00,2440.51,2462.31,2437.92,2458.09,24263.4219
2024-10-13 20:00:00,2458.09,2484.6,2452.87,2468.91,23115.739
2024-10-14 00:00:00,2468.92,2526.6,2443.39,2521.11,65340.254
2024-10-14 04:00:00,2521.11,2548.43,2511.34,2535.78,90677.8823
2024-10-14 08:00:00,2535.78,2547.49,2519.65,2537.9,44684.5599
2024-10-14 12:00:00,2537.91,2642.88,2534.47,2635.47,149388.5896
2024-10-14 16:00:00,2635.47,2640.4,2615.12,2620.51,51675.6035
2024-10-14 20:00:00,2620.5,2654.0,2616.1,2629.79,34133.2726
2024-10-15 00:00:00,2629.79,2637.38,2608.52,2612.32,32699.9359
2024-10-15 04:00:00,2612.33,2623.7,2590.29,2615.66,39737.151
2024-10-15 08:00:00,2615.67,2622.5,2580.01,2586.2,46038.5745
2024-10-15 12:00:00,2586.2,2688.6,2537.36,2573.45,191312.0206
2024-10-15 16:00:00,2573.42,2619.33,2571.36,2592.11,70160.4914
2024-10-15 20:00:00,2592.11,2609.08,2563.6,2607.41,36337.4929
2024-10-16 00:00:00,2607.41,2630.6,2588.67,2617.23,41559.1494
2024-10-16 04:00:00,2617.22,2624.44,2598.77,2607.13,44954.7587
2024-10-16 08:00:00,2607.12,2642.69,2605.01,2630.4,57405.2416
2024-10-16 12:00:00,2630.41,2647.79,2595.0,2607.67,69142.741
2024-10-16 16:00:00,2607.68,2628.0,2591.58,2614.93,29249.1835
2024-10-16 20:00:00,2614.93,2628.83,2608.94,2611.1,18011.35
2024-10-17 00:00:00,2611.1,2645.6,2610.03,2640.8,42096.8727
2024-10-17 04:00:00,2640.8,2648.37,2618.99,2628.5,33833.5101
2024-10-17 08:00:00,2628.5,2630.71,2596.49,2598.01,37961.3642
2024-10-17 12:00:00,2598.01,2632.73,2583.5,2630.82,53370.1693
2024-10-17 16:00:00,2630.81,2631.43,2575.4,2595.59,36027.0507
2024-10-17 20:00:00,2595.6,2614.91,2594.8,2605.8,18335.5764
2024-10-18 00:00:00,2605.79,2651.66,2596.49,2609.99,55249.9857
2024-10-18 04:00:00,2609.98,2645.83,2608.79,2644.5,39782.9796
2024-10-18 08:00:00,2644.51,2650.0,2621.0,2621.98,34026.8825
2024-10-18 12:00:00,2621.98,2663.4,2612.2,2653.15,73294.5491
2024-10-18 16:00:00,2653.15,2675.58,2629.5,2651.31,65334.2914
2024-10-18 20:00:00,2651.38,2652.03,2633.59,2642.17,24755.427
2024-10-19 00:00:00,2642.17,2663.49,2635.22,2646.41,24351.122
2024-10-19 04:00:00,2646.41,2650.97,2638.0,2641.05,16877.9183
2024-10-19 08:00:00,2641.05,2648.6,2631.02,2631.48,17547.521
2024-10-19 12:00:00,2631.48,2654.41,2631.04,2645.7,19701.0133
2024-10-19 16:00:00,2645.69,2646.52,2637.0,2641.34,14020.3029
2024-10-19 20:00:00,2641.34,2655.5,2640.89,2648.2,12915.8871
2024-10-20 00:00:00,2648.2,2653.56,2635.54,2640.25,16860.0707
2024-10-20 04:00:00,2640.26,2652.03,2638.45,2646.1,16365.2238
2024-10-20 08:00:00,2646.1,2651.49,2643.13,2649.49,12696.1974
2024-10-20 12:00:00,2649.5,2721.0,2642.0,2706.58,100584.9476
2024-10-20 16:00:00,2706.58,2709.77,2686.25,2699.86,31714.755
2024-10-20 20:00:00,2699.87,2759.0,2697.03,2746.91,78689.5503
2024-10-21 00:00:00,2746.91,2769.48,2725.3,2733.81,65279.2393
2024-10-21 04:00:00,2733.81,2744.24,2721.62,2722.01,36486.2056
2024-10-21 08:00:00,2722.01,2729.2,2701.41,2704.77,46379.4613
2024-10-21 12:00:00,2704.77,2711.36,2659.12,2679.43,90914.2578
2024-10-21 16:00:00,2679.43,2684.79,2655.01,2680.1,46431.9384
2024-10-21 20:00:00,2680.1,2685.02,2665.69,2666.7,25183.6208
2024-10-22 00:00:00,2666.71,2671.92,2613.49,2644.56,74882.1172
2024-10-22 04:00:00,2644.56,2659.39,2635.21,2646.79,28463.0967
2024-10-22 08:00:00,2646.8,2649.19,2613.2,2632.9,45524.9314
2024-10-22 12:00:00,2632.89,2645.5,2606.56,2624.33,65580.5638
2024-10-22 16:00:00,2624.33,2633.82,2607.0,2628.01,30526.639
2024-10-22 20:00:00,2628.01,2644.1,2618.21,2622.81,20770.3649
2024-10-23 00:00:00,2622.81,2628.2,2601.18,2616.5,28370.0336
2024-10-23 04:00:00,2616.49,2624.68,2602.63,2602.81,25160.8196
2024-10-23 08:00:00,2602.81,2611.52,2563.73,2580.93,57446.364
2024-10-23 12:00:00,2580.94,2587.4,2529.66,2540.22,82536.558
2024-10-23 16:00:00,2540.21,2542.56,2450.0,2512.51,127126.4845
2024-10-23 20:00:00,2512.51,2528.49,2502.0,2524.61,32007.4489
2024-10-24 00:00:00,2524.6,2560.75,2508.98,2544.8,51444.6055
2024-10-24 04:00:00,2544.8,2562.65,2540.38,2544.76,50086.9987
2024-10-24 08:00:00,2544.76,2551.4,2508.8,2529.47,42147.9069
2024-10-24 12:00:00,2529.47,2545.75,2513.4,2525.84,72617.4411
2024-10-24 16:00:00,2525.8,2541.91,2507.31,2539.96,40463.6768
2024-10-24 20:00:00,2539.97,2560.0,2526.6,2535.82,34091.1552
2024-10-25 00:00:00,2535.82,2538.53,2509.89,2521.73,27585.145
2024-10-25 04:00:00,2521.73,2522.55,2462.06,2484.07,63749.3653
2024-10-25 08:00:00,2484.07,2547.0,2478.37,2545.13,79017.9636
2024-10-25 12:00:00,2545.13,2566.33,2508.71,2524.86,83767.1181
2024-10-25 16:00:00,2524.86,2536.7,2455.6,2476.1,114795.8392
2024-10-25 20:00:00,2476.11,2496.59,2382.59,2440.62,145884.451
2024-10-26 00:00:00,2440.63,2458.0,2430.12,2452.27,59166.402
2024-10-26 04:00:00,2452.27,2479.7,2451.4,2465.61,39515.6559
2024-10-26 08:00:00,2465.62,2478.99,2463.23,2472.98,35646.5741
2024-10-26 12:00:00,2472.98,2478.8,2442.2,2457.59,54074.5149
2024-10-26 16:00:00,2457.6,2488.14,2455.77,2486.68,35230.3821
2024-10-26 20:00:00,2486.68,2508.0,2481.9,2482.51,25091.3023
2024-10-27 00:00:00,2482.51,2484.89,2469.52,2484.64,15688.7621
2024-10-27 04:00:00,2484.65,2486.84,2477.98,2481.26,13016.3023
2024-10-27 08:00:00,2481.25,2484.4,2464.13,2469.86,20154.6201
2024-10-27 12:00:00,2469.86,2505.82,2469.75,2501.97,37377.7212
2024-10-27 16:00:00,2501.98,2511.7,2486.0,2494.59,22550.227
2024-10-27 20:00:00,2494.58,2527.99,2490.83,2507.8,28793.2509
2024-10-28 00:00:00,2507.8,2512.53,2471.67,2477.71,28902.3387
2024-10-28 04:00:00,2477.7,2527.0,2473.2,2511.77,39534.4516
2024-10-28 08:00:00,2511.77,2544.74,2505.18,2527.12,50665.782
2024-10-28 12:00:00,2527.12,2536.6,2498.46,2501.02,73780.0943
2024-10-28 16:00:00,2501.01,2524.3,2488.0,2506.7,77169.9539
2024-10-28 20:00:00,2506.7,2589.67,2505.01,2567.48,90552.7065
2024-10-29 00:00:00,2567.49,2631.66,2561.2,2607.75,113234.5153
2024-10-29 04:00:00,2607.75,2626.49,2607.75,2613.3,47598.2051
2024-10-29 08:00:00,2613.29,2638.8,2612.81,2631.59,47484.2184
2024-10-29 12:00:00,2631.59,2650.99,2611.33,2648.52,76755.787
2024-10-29 16:00:00,2648.51,2681.86,2623.22,2624.74,118181.9834
2024-10-29 20:00:00,2624.74,2648.25,2606.82,2638.8,48660.9933
2024-10-30 00:00:00,2638.8,2651.42,2599.66,2641.7,58651.4667
2024-10-30 04:00:00,2641.71,2684.21,2636.2,2668.6,56092.6306
2024-10-30 08:00:00,2668.6,2696.5,2657.09,2659.18,73414.7548
2024-10-30 12:00:00,2659.18,2722.3,2653.03,2683.08,149492.5606
2024-10-30 16:00:00,2683.07,2696.22,2653.26,2655.0,51758.8372
2024-10-30 20:00:00,2655.0,2686.13,2635.52,2659.19,71216.8761
2024-10-31 00:00:00,2659.19,2669.0,2637.63,2657.0,44745.4639
2024-10-31 04:00:00,2657.0,2657.99,2631.63,2646.8,30494.4159
2024-10-31 08:00:00,2646.79,2648.5,2625.26,2638.81,49785.3798
2024-10-31 12:00:00,2638.82,2641.0,2541.23,2562.86,138890.8756
2024-10-31 16:00:00,2562.86,2564.09,2506.3,2514.33,86177.7516
2024-10-31 20:00:00,2514.34,2530.07,2503.0,2518.61,53333.3149
2024-11-01 00:00:00,2518.61,2533.25,2467.67,2503.2,86691.3327
2024-11-01 04:00:00,2503.2,2516.2,2485.35,2504.12,43728.3342
2024-11-01 08:00:00,2504.12,2525.8,2494.55,2515.44,50334.2681
2024-11-01 12:00:00,2515.44,2586.8,2481.68,2500.03,148101.0589
2024-11-01 16:00:00,2500.02,2538.58,2495.2,2514.49,70817.1562
2024-11-01 20:00:00,2514.5,2527.46,2485.05,2511.49,30576.9572
2024-11-02 00:00:00,2511.49,2523.45,2501.0,2506.7,23860.5833
2024-11-02 04:00:00,2506.71,2513.87,2499.59,2507.35,15843.2724
2024-11-02 08:00:00,2507.34,2510.3,2491.2,2502.13,20552.6748
2024-11-02 12:00:00,2502.14,2504.5,2470.0,2488.79,55572.1722
2024-11-02 16:00:00,2488.78,2497.73,2479.3,2493.02,18610.8072
2024-11-02 20:00:00,2493.01,2497.89,2485.1,2494.23,11521.6201
2024-11-03 00:00:00,2494.23,2496.39,2421.29,2449.59,67070.7487
2024-11-03 04:00:00,2449.6,2463.83,2441.1,2450.03,24030.4785
2024-11-03 08:00:00,2450.03,2462.64,2443.94,2454.47,36799.3352
2024-11-03 12:00:00,2454.47,2460.6,2413.38,2442.63,60945.4178
2024-11-03 16:00:00,2442.63,2459.53,2411.0,2452.89,52907.215
2024-11-03 20:00:00,2452.89,2475.52,2447.4,2457.73,34255.9245
2024-11-04 00:00:00,2457.73,2491.39,2434.99,2473.76,37127.5002
2024-11-04 04:00:00,2473.77,2482.42,2457.21,2459.67,22635.0346
2024-11-04 08:00:00,2459.68,2478.0,2447.34,2470.2,28566.6765
2024-11-04 12:00:00,2470.2,2486.0,2431.51,2442.6,56215.3522
2024-11-04 16:00:00,2442.6,2446.32,2405.8,2430.43,63432.5532
2024-11-04 20:00:00,2430.42,2432.08,2357.59,2398.21,98339.8478
2024-11-05 00:00:00,2398.21,2421.4,2380.74,2420.41,47944.8664
2024-11-05 04:00:00,2420.4,2445.7,2417.21,2443.4,38943.023
2024-11-05 08:00:00,2443.41,2448.0,2430.31,2440.63,36062.5012
2024-11-05 12:00:00,2440.63,2480.0,2427.4,2441.19,89272.4654
2024-11-05 16:00:00,2441.2,2475.0,2401.3,2408.4,71328.772
2024-11-05 20:00:00,2408.39,2440.0,2401.7,2422.55,48067.6265
2024-11-06 00:00:00,2422.6,2638.0,2420.3,2579.31,273196.315
2024-11-06 04:00:00,2579.31,2643.2,2561.0,2594.0,263406.854
2024-11-06 08:00:00,2593.99,2637.0,2571.0,2629.02,130007.8482
2024-11-06 12:00:00,2629.03,2666.66,2608.0,2634.19,142673.0702
2024-11-06 16:00:00,2634.2,2687.26,2633.43,2687.25,84147.198
2024-11-06 20:00:00,2687.25,2744.7,2669.25,2721.87,108710.0764
2024-11-07 00:00:00,2721.88,2880.0,2699.49,2852.42,239110.0996
2024-11-07 04:00:00,2852.43,2855.0,2779.91,2820.29,104122.5449
2024-11-07 08:00:00,2820.3,2830.0,2790.0,2792.28,65854.3896
2024-11-07 12:00:00,2792.28,2849.0,2776.0,2847.49,100484.4486
2024-11-07 16:00:00,2847.5,2893.8,2823.75,2885.0,121819.8352
2024-11-07 20:00:00,2885.0,2916.11,2864.25,2895.47,99454.6345
2024-11-08 00:00:00,2895.47,2954.94,2886.4,2902.42,126526.9325
2024-11-08 04:00:00,2902.42,2924.2,2892.0,2911.96,70741.7346
2024-11-08 08:00:00,2911.88,2930.89,2893.33,2914.39,62192.9151
2024-11-08 12:00:00,2914.4,2956.56,2903.0,2937.04,110108.0276
2024-11-08 16:00:00,2937.03,2981.69,2890.04,2949.96,126505.7537
2024-11-08 20:00:00,2949.96,2975.45,2915.8,2961.75,72789.0715
2024-11-09 00:00:00,2961.75,2995.22,2954.56,2965.5,76958.1964
2024-11-09 04:00:00,2965.5,3058.77,2953.71,3030.38,129030.9382
2024-11-09 08:00:00,3030.37,3055.88,3021.46,3051.6,69670.2941
2024-11-09 12:00:00,3051.59,3054.17,3028.4,3040.88,53748.8853
2024-11-09 16:00:00,3040.85,3094.55,2990.58,3070.39,98531.409
2024-11-09 20:00:00,3070.4,3157.4,3065.56,3126.21,98779.6982
2024-11-10 00:00:00,3126.2,3151.41,3103.7,3134.82,92569.5686
2024-11-10 04:00:00,3134.82,3216.47,3129.97,3185.89,188145.3329
2024-11-10 08:00:00,3185.89,3230.0,3168.81,3220.0,96121.2648
2024-11-10 12:00:00,3220.01,3236.64,3167.56,3209.53,126863.0189
2024-11-10 16:00:00,3209.52,3248.52,3150.0,3164.27,167610.7179
2024-11-10 20:00:00,3164.27,3225.99,3069.0,3183.21,194226.8291
2024-11-11 00:00:00,3183.2,3221.8,3171.16,3195.07,94211.1415
2024-11-11 04:00:00,3195.08,3196.98,3105.0,3140.16,103633.8888
2024-11-11 08:00:00,3140.16,3212.49,3132.1,3197.79,91922.0003
2024-11-11 12:00:00,3197.79,3256.4,3139.5,3236.98,202264.4074
2024-11-11 16:00:00,3236.97,3346.4,3233.63,3300.2,264375.1673
2024-11-11 20:00:00,3300.21,3387.61,3280.0,3371.59,243687.3611
2024-11-12 00:00:00,3371.59,3374.78,3248.42,3335.6,175983.7872
2024-11-12 04:00:00,3335.59,3394.09,3314.98,3368.72,129963.2749
2024-11-12 08:00:00,3368.72,3442.5,3207.67,3282.42,280549.6624
2024-11-12 12:00:00,3282.41,3296.93,3208.33,3261.65,188297.4664
2024-11-12 16:00:00,3261.72,3304.57,3209.5,3272.82,117233.5137
2024-11-12 20:00:00,3272.94,3304.78,3238.63,3243.8,81188.0239
2024-11-13 00:00:00,3243.79,3285.52,3201.83,3207.99,130449.5382
2024-11-13 04:00:00,3207.99,3230.19,3116.69,3160.89,153493.6167
2024-11-13 08:00:00,3160.89,3191.74,3140.75,3168.0,83693.5545
2024-11-13 12:00:00,3168.0,3328.53,3152.15,3309.28,253124.0517
2024-11-13 16:00:00,3309.28,3331.0,3155.0,3158.81,193136.2758
2024-11-13 20:00:00,3158.8,3198.52,3118.39,3187.16,105789.3378
2024-11-14 00:00:00,3187.16,3228.35,3163.64,3217.21,85729.4181
2024-11-14 04:00:00,3217.21,3240.4,3174.37,3217.62,67360.4466
2024-11-14 08:00:00,3217.62,3230.73,3155.0,3185.23,78316.7747
2024-11-14 12:00:00,3185.22,3198.99,3060.0,3077.68,180775.9688
2024-11-14 16:00:00,3077.68,3181.0,3070.84,3145.41,97075.8204
2024-11-14 20:00:00,3145.41,3145.41,3028.56,3058.82,96522.2376
2024-11-15 00:00:00,3058.81,3092.54,3034.87,3082.44,62360.0892
2024-11-15 04:00:00,3082.43,3082.43,3014.79,3039.48,74927.4912
2024-11-15 08:00:00,3039.49,3114.0,3022.0,3104.29,72596.3179
2024-11-15 12:00:00,3104.29,3131.06,3014.5,3023.73,119823.0011
2024-11-15 16:00:00,3023.73,3059.9,3015.6,3039.58,94772.9642
2024-11-15 20:00:00,3039.58,3120.0,3038.24,3090.01,95143.7681
2024-11-16 00:00:00,3090.01,3157.71,3072.0,3154.78,69859.898
2024-11-16 04:00:00,3154.77,3165.0,3101.11,3106.66,53482.9739
2024-11-16 08:00:00,3106.67,3195.63,3103.17,3195.34,81474.3886
2024-11-16 12:00:00,3195.34,3219.97,3120.41,3141.11,120631.9141
2024-11-16 16:00:00,3141.11,3184.6,3128.0,3169.01,55018.2084
2024-11-16 20:00:00,3169.01,3175.0,3121.91,3132.87,43171.7743
2024-11-17 00:00:00,3132.88,3154.0,3034.99,3080.68,99299.4635
2024-11-17 04:00:00,3080.67,3147.72,3076.2,3136.79,85339.4369
2024-11-17 08:00:00,3136.79,3162.11,3100.81,3105.52,64426.9637
2024-11-17 12:00:00,3105.53,3126.72,3067.33,3086.21,75728.2645
2024-11-17 16:00:00,3086.2,3115.72,3071.6,3097.74,57460.056
2024-11-17 20:00:00,3097.74,3106.99,3042.93,3076.0,67564.7729
2024-11-18 00:00:00,3075.99,3124.2,3069.0,3111.96,55672.4888
2024-11-18 04:00:00,3111.95,3149.71,3096.07,3130.55,57048.834
2024-11-18 08:00:00,3130.56,3139.78,3050.01,3056.28,74634.8774
2024-11-18 12:00:00,3056.29,3157.5,3052.19,3143.41,150241.3211
2024-11-18 16:00:00,3143.41,3199.0,3090.3,3127.17,182179.47
2024-11-18 20:00:00,3127.17,3224.94,3122.22,3207.8,120881.4444
2024-11-19 00:00:00,3207.81,3221.2,3141.7,3148.5,84612.4122
2024-11-19 04:00:00,3148.5,3159.93,3107.37,3118.08,67070.5837
2024-11-19 08:00:00,3118.09,3130.0,3091.13,3126.51,63945.7633
2024-11-19 12:00:00,3126.51,3150.0,3076.0,3104.36,110206.3018
2024-11-19 16:00:00,3104.35,3145.0,3099.49,3122.19,86887.7832
2024-11-19 20:00:00,3122.2,3131.11,3065.4,3107.44,87389.1752
2024-11-20 00:00:00,3107.45,3127.64,3071.6,3096.0,61244.1217
2024-11-20 04:00:00,3095.99,3115.01,3087.51,3109.54,41876.4871
2024-11-20 08:00:00,3109.54,3135.13,3083.8,3099.82,70771.0925
2024-11-20 12:00:00,3099.82,3159.2,3081.56,3130.0,146945.8507
2024-11-20 16:00:00,3130.0,3135.0,3029.41,3058.05,130168.2034
2024-11-20 20:00:00,3058.04,3093.16,3044.38,3069.97,52602.0782
2024-11-21 00:00:00,3069.97,3101.0,3032.59,3081.98,88355.4596
2024-11-21 04:00:00,3081.99,3143.64,3080.5,3137.02,131761.453
2024-11-21 08:00:00,3137.02,3155.0,3118.37,3147.75,92439.1127
2024-11-21 12:00:00,3147.74,3372.6,3146.2,3277.03,446253.975
2024-11-21 16:00:00,3277.03,3386.73,3277.03,3347.0,144698.7196
2024-11-21 20:00:00,3347.0,3378.68,3333.54,3355.81,71414.5836
2024-11-22 00:00:00,3355.88,3380.68,3304.39,3365.8,93006.5467
2024-11-22 04:00:00,3365.8,3425.92,3355.0,3362.66,107237.9651
2024-11-22 08:00:00,3362.65,3383.84,3311.68,3344.75,91214.4542
2024-11-22 12:00:00,3344.76,3357.18,3257.54,3314.15,174597.7487
2024-11-22 16:00:00,3314.15,3321.14,3264.84,3282.4,81246.6096
2024-11-22 20:00:00,3282.39,3330.0,3273.2,3327.78,55970.385
2024-11-23 00:00:00,3327.78,3364.98,3312.72,3345.51,105265.7506
2024-11-23 04:00:00,3345.51,3361.71,3326.89,3341.34,67445.3359
2024-11-23 08:00:00,3341.34,3402.98,3335.16,3354.65,105279.0199
2024-11-23 12:00:00,3354.65,3497.51,3349.68,3460.33,229525.4046
2024-11-23 16:00:00,3460.34,3470.22,3377.0,3407.83,150136.8855
2024-11-23 20:00:00,3407.82,3427.73,3379.2,3393.91,63371.6044
2024-11-24 00:00:00,3393.91,3450.0,3389.03,3427.0,62941.932
2024-11-24 04:00:00,3427.0,3431.99,3398.12,3422.51,50148.6763
2024-11-24 08:00:00,3422.51,3428.35,3339.11,3344.22,99770.3421
2024-11-24 12:00:00,3344.22,3357.32,3281.4,3294.39,147537.1334
2024-11-24 16:00:00,3294.39,3334.19,3287.19,3326.63,63212.5803
2024-11-24 20:00:00,3326.64,3372.22,3321.51,3361.2,55487.428
2024-11-25 00:00:00,3361.21,3370.4,3300.01,3362.44,66165.1278
2024-11-25 04:00:00,3362.44,3419.81,3361.21,3399.41,63216.584
2024-11-25 08:00:00,3399.4,3527.0,3396.6,3471.84,169761.3244
2024-11-25 12:00:00,3471.84,3537.98,3348.72,3518.41,289654.5296
2024-11-25 16:00:00,3518.41,3546.66,3423.47,3464.0,190751.0262
2024-11-25 20:00:00,3464.01,3505.45,3363.62,3414.49,169781.778
2024-11-26 00:00:00,3414.49,3462.49,3395.84,3434.61,99053.4641
2024-11-26 04:00:00,3434.62,3442.72,3382.35,3394.8,72621.4969
2024-11-26 08:00:00,3394.8,3397.33,3280.1,3323.01,159770.0173
2024-11-26 12:00:00,3323.02,3362.5,3290.35,3296.32,131513.0508
2024-11-26 16:00:00,3296.33,3338.0,3252.0,3300.61,139329.9409
2024-11-26 20:00:00,3300.61,3344.31,3286.89,3324.73,70079.1803
2024-11-27 00:00:00,3324.74,3372.5,3302.4,3361.03,86102.9925
2024-11-27 04:00:00,3361.02,3445.73,3359.32,3424.11,124111.9204
2024-11-27 08:00:00,3424.12,3485.5,3402.43,3460.43,97680.7587
2024-11-27 12:00:00,3460.43,3573.17,3441.31,3552.79,192046.4261
2024-11-27 16:00:00,3552.79,3611.8,3533.83,3589.6,130252.9591
2024-11-27 20:00:00,3589.6,3684.92,3588.0,3653.28,124378.5917
2024-11-28 00:00:00,3653.27,3661.92,3564.75,3598.8,102778.5796
2024-11-28 04:00:00,3598.81,3618.4,3566.91,3592.4,81553.1306
2024-11-28 08:00:00,3592.4,3638.39,3574.23,3620.51,93409.4729
2024-11-28 12:00:00,3620.51,3642.19,3536.95,3541.78,146763.2328
2024-11-28 16:00:00,3541.78,3584.87,3529.76,3575.05,76570.5621
2024-11-28 20:00:00,3575.05,3599.2,3547.86,3578.79,59901.447
2024-11-29 00:00:00,3578.8,3602.85,3550.07,3583.82,65033.1438
2024-11-29 04:00:00,3583.82,3595.7,3534.28,3544.49,76024.4905
2024-11-29 08:00:00,3544.5,3599.66,3544.49,3594.74,55500.5568
2024-11-29 12:00:00,3594.75,3647.98,3574.0,3613.95,114108.1335
2024-11-29 16:00:00,3613.95,3620.08,3559.24,3582.79,76494.6217
2024-11-29 20:00:00,3582.78,3604.0,3575.56,3592.21,38332.2986
2024-11-30 00:00:00,3592.22,3661.0,3568.4,3657.12,92179.3342
2024-11-30 04:00:00,3657.12,3726.71,3635.42,3703.07,128826.8554
2024-11-30 08:00:00,3703.06,3718.0,3631.23,3653.69,76964.0164
2024-11-30 12:00:00,3653.68,3685.33,3651.38,3674.0,77209.8515
2024-11-30 16:00:00,3674.0,3696.78,3656.23,3689.56,61494.3031
2024-11-30 20:00:00,3689.56,3738.98,3686.58,3703.6,67010.3879
2024-12-01 00:00:00,3703.59,3732.34,3659.2,3707.0,92779.5957
2024-12-01 04:00:00,3707.0,3716.96,3682.0,3702.31,40551.5198
2024-12-01 08:00:00,3702.32,3717.0,3675.47,3692.42,61458.2739
2024-12-01 12:00:00,3692.43,3746.8,3678.61,3728.59,99717.2507
2024-12-01 16:00:00,3728.59,3744.11,3693.02,3707.96,66222.5075
2024-12-01 20:00:00,3707.95,3734.26,3679.0,3707.61,68360.1157
2024-12-02 00:00:00,3707.61,3760.0,3674.6,3685.01,114620.6485
2024-12-02 04:00:00,3685.0,3709.59,3650.0,3666.88,121775.4381
2024-12-02 08:00:00,3666.88,3672.47,3569.58,3588.99,202704.961
2024-12-02 12:00:00,3588.99,3680.37,3582.6,3672.13,109512.8056
2024-12-02 16:00:00,3672.13,3682.01,3554.32,3612.17,137683.3569
2024-12-02 20:00:00,3612.17,3644.44,3598.5,3643.42,50833.3589
2024-12-03 00:00:00,3643.43,3658.16,3607.8,3639.75,86733.4244
2024-12-03 04:00:00,3639.75,3670.0,3600.0,3616.85,73048.7319
2024-12-03 08:00:00,3616.85,3635.14,3585.0,3613.81,121073.7629
2024-12-03 12:00:00,3613.81,3617.64,3500.0,3571.79,229013.2962
2024-12-03 16:00:00,3571.8,3594.4,3538.55,3577.34,90514.4017
2024-12-03 20:00:00,3577.34,3634.81,3575.2,3614.51,78016.5861
2024-12-04 00:00:00,3614.51,3707.57,3614.51,3661.8,172948.5304
2024-12-04 04:00:00,3661.79,3721.73,3659.55,3714.99,78886.7891
2024-12-04 08:00:00,3715.0,3751.44,3696.42,3729.09,139644.0469
2024-12-04 12:00:00,3729.09,3853.38,3690.0,3821.0,242264.7224
2024-12-04 16:00:00,3820.99,3844.65,3732.98,3841.15,190852.24
2024-12-04 20:00:00,3841.15,3887.24,3822.5,3837.8,144147.7111
2024-12-05 00:00:00,3837.8,3905.0,3765.71,3832.66,218327.0792
2024-12-05 04:00:00,3832.67,3880.2,3818.61,3850.98,110887.4677
2024-12-05 08:00:00,3850.98,3943.28,3850.75,3930.98,138309.1401
2024-12-05 12:00:00,3930.98,3956.0,3861.0,3888.0,153003.626
2024-12-05 16:00:00,3888.0,3926.33,3820.01,3830.81,120866.8673
2024-12-05 20:00:00,3830.8,3862.23,3677.0,3785.2,205099.0957
2024-12-06 00:00:00,3785.21,3914.0,3777.26,3907.01,113127.0334
2024-12-06 04:00:00,3907.01,3929.0,3874.5,3893.75,80798.7601
2024-12-06 08:00:00,3893.74,3910.45,3845.3,3867.02,92340.5447
2024-12-06 12:00:00,3867.01,4041.0,3831.9,3993.02,286698.8778
2024-12-06 16:00:00,3993.01,4073.86,3980.11,4067.62,137627.0476
2024-12-06 20:00:00,4067.61,4087.73,3990.03,3998.87,93262.851
2024-12-07 00:00:00,3998.87,4024.46,3970.0,3986.87,65288.4745
2024-12-07 04:00:00,3986.87,4003.16,3968.0,3985.87,44458.0473
2024-12-07 08:00:00,3985.87,4009.0,3973.51,3998.3,44383.4721
2024-12-07 12:00:00,3998.29,4008.46,3976.2,4004.71,48658.8373
2024-12-07 16:00:00,4004.72,4020.43,3986.0,4012.19,46291.4199
2024-12-07 20:00:00,4012.2,4024.01,3993.02,3996.22,34839.7689
2024-12-08 00:00:00,3996.22,4008.99,3985.47,3989.28,27302.2303
2024-12-08 04:00:00,3989.28,3995.85,3958.87,3980.6,37262.434
2024-12-08 08:00:00,3980.6,3981.79,3923.5,3971.84,55860.2743
2024-12-08 12:00:00,3971.85,4003.4,3956.16,3990.79,60123.2278
2024-12-08 16:00:00,3990.79,3999.89,3964.4,3989.99,35630.8291
2024-12-08 20:00:00,3989.99,4015.58,3975.4,4004.15,35183.173
2024-12-09 00:00:00,4004.15,4006.17,3905.21,3929.37,74905.7169
2024-12-09 04:00:00,3929.37,3948.91,3880.44,3918.44,75191.7029
2024-12-09 08:00:00,3918.44,3920.0,3841.24,3850.88,95335.7358
2024-12-09 12:00:00,3850.88,3946.0,3804.32,3824.0,164012.5757
2024-12-09 16:00:00,3824.0,3866.35,3786.87,3795.78,108473.7508
2024-12-09 20:00:00,3795.77,3804.19,3509.0,3712.0,421722.718
2024-12-10 00:00:00,3712.0,3780.76,3615.11,3682.4,201647.552
2024-12-10 04:00:00,3682.39,3743.65,3638.0,3734.55,95140.8254
2024-12-10 08:00:00,3734.54,3773.39,3713.56,3750.11,66469.389
2024-12-10 12:00:00,3750.1,3754.5,3555.41,3567.75,260032.2239
2024-12-10 16:00:00,3567.76,3634.92,3515.89,3628.82,238385.3346
2024-12-10 20:00:00,3628.81,3673.2,3613.3,3628.25,80530.7088
2024-12-11 00:00:00,3628.24,3668.96,3562.34,3665.23,83678.45
2024-12-11 04:00:00,3665.23,3681.81,3646.0,3652.58,47088.7098
2024-12-11 08:00:00,3652.58,3728.0,3651.23,3716.84,62134.3791
2024-12-11 12:00:00,3716.84,3821.0,3709.17,3787.34,131816.234
2024-12-11 16:00:00,3787.34,3814.2,3753.5,3803.91,83844.0606
2024-12-11 20:00:00,3803.91,3848.64,3803.0,3831.81,53256.9466
2024-12-12 00:00:00,3831.82,3947.81,3796.8,3935.0,96992.9744
2024-12-12 04:00:00,3935.0,3945.67,3894.09,3905.4,75641.5407
2024-12-12 08:00:00,3905.4,3937.99,3891.32,3913.38,60232.5799
2024-12-12 12:00:00,3913.38,3987.41,3913.38,3957.67,161318.0936
2024-12-12 16:00:00,3957.77,3985.56,3853.83,3871.14,109750.4709
2024-12-12 20:00:00,3871.13,3902.04,3836.07,3881.61,68162.9748
2024-12-13 00:00:00,3881.6,3941.19,3852.94,3932.83,64542.0267
2024-12-13 04:00:00,3932.83,3936.26,3871.0,3885.64,51976.2093
2024-12-13 08:00:00,3885.64,3923.66,3872.2,3901.5,54233.1081
2024-12-13 12:00:00,3901.5,3968.47,3879.0,3886.21,107263.9583
2024-12-13 16:00:00,3886.2,3946.37,3880.07,3917.98,66342.3222
2024-12-13 20:00:00,3917.99,3936.0,3891.0,3906.8,43408.0627
2024-12-14 00:00:00,3906.8,3945.0,3895.67,3910.83,48077.2434
2024-12-14 04:00:00,3910.83,3935.71,3906.26,3920.76,23290.7886
2024-12-14 08:00:00,3920.75,3931.38,3886.2,3894.53,32599.3234
2024-12-14 12:00:00,3894.53,3898.8,3846.3,3889.01,59099.8968
2024-12-14 16:00:00,3889.0,3898.23,3827.0,3859.11,65864.5831
2024-12-14 20:00:00,3859.11,3876.87,3825.03,3870.29,36607.1126
2024-12-15 00:00:00,3870.3,3895.53,3856.02,3874.48,24783.839
2024-12-15 04:00:00,3874.49,3911.5,3831.5,3845.2,38056.0576
2024-12-15 08:00:00,3845.19,3879.01,3837.21,3877.61,25590.3833
2024-12-15 12:00:00,3877.61,3910.33,3867.99,3894.76,44614.4511
2024-12-15 16:00:00,3894.76,3919.6,3886.4,3904.09,31811.6421
2024-12-15 20:00:00,3904.09,3974.61,3844.4,3959.09,88976.841
2024-12-16 00:00:00,3959.09,4025.18,3928.88,3942.6,144630.7421
2024-12-16 04:00:00,3942.6,3983.0,3935.23,3974.01,43808.388
2024-12-16 08:00:00,3974.0,3975.91,3902.39,3909.67,63910.2867
2024-12-16 12:00:00,3909.68,3960.0,3884.0,3941.21,122284.2247
2024-12-16 16:00:00,3941.21,4107.8,3939.4,4056.88,220282.2717
2024-12-16 20:00:00,4056.89,4071.99,3980.0,3986.24,78435.1591
2024-12-17 00:00:00,3986.24,4041.82,3943.0,4035.01,73034.8936
2024-12-17 04:00:00,4035.01,4035.02,3982.77,3994.24,49961.2435
2024-12-17 08:00:00,3994.23,4031.38,3990.0,3997.14,51842.525
2024-12-17 12:00:00,3997.15,4025.6,3916.57,3939.18,118990.8486
2024-12-17 16:00:00,3939.19,3984.46,3917.2,3943.99,71693.5838
2024-12-17 20:00:00,3944.0,3952.0,3847.96,3893.01,85302.8916
2024-12-18 00:00:00,3893.01,3903.2,3834.66,3849.81,80564.7394
2024-12-18 04:00:00,3849.8,3861.7,3803.63,3847.33,83904.9284
2024-12-18 08:00:00,3847.33,3887.32,3841.6,3882.65,44754.8074
2024-12-18 12:00:00,3882.66,3891.09,3825.0,3867.98,85350.9141
2024-12-18 16:00:00,3867.99,3907.19,3770.0,3770.29,120106.5226
2024-12-18 20:00:00,3770.3,3786.23,3617.42,3626.8,307823.1499
2024-12-19 00:00:00,3626.8,3673.82,3542.22,3668.9,199888.1171
2024-12-19 04:00:00,3668.9,3699.58,3653.0,3693.79,62129.1335
2024-12-19 08:00:00,3693.79,3720.0,3664.28,3705.62,58298.6588
2024-12-19 12:00:00,3705.62,3710.2,3572.73,3613.92,138220.2184
2024-12-19 16:00:00,3613.92,3637.1,3376.2,3439.44,392538.6357
2024-12-19 20:00:00,3439.45,3465.11,3326.8,3417.01,227078.7216
2024-12-20 00:00:00,3417.01,3465.6,3370.47,3413.87,147018.6408
2024-12-20 04:00:00,3413.85,3431.16,3328.44,3390.48,145836.4031
2024-12-20 08:00:00,3390.48,3390.79,3103.0,3104.56,458522.5239
2024-12-20 12:00:00,3104.68,3396.4,3101.9,3374.61,335474.3132
2024-12-20 16:00:00,3374.62,3497.84,3366.68,3479.35,160666.9785
2024-12-20 20:00:00,3479.36,3489.99,3393.09,3472.21,85264.8715
2024-12-21 00:00:00,3472.2,3489.96,3445.35,3467.64,54575.1862
2024-12-21 04:00:00,3467.64,3555.18,3460.8,3523.46,85515.9214
2024-12-21 08:00:00,3523.45,3527.49,3423.91,3442.23,71843.6301
2024-12-21 12:00:00,3442.23,3444.24,3347.0,3390.4,121858.0815
2024-12-21 16:00:00,3390.4,3401.33,3326.59,3359.89,79490.6857
2024-12-21 20:00:00,3359.89,3388.88,3293.11,3338.92,61992.3151
2024-12-22 00:00:00,3338.92,3374.48,3318.71,3356.38,46613.1262
2024-12-22 04:00:00,3356.38,3361.75,3295.07,3332.4,40581.5308
2024-12-22 08:00:00,3332.5,3403.0,3331.19,3381.03,44270.8729
2024-12-22 12:00:00,3381.03,3397.88,3275.0,3302.38,86429.5165
2024-12-22 16:00:00,3302.38,3338.65,3238.0,3247.14,75577.8841
2024-12-22 20:00:00,3247.14,3310.93,3221.1,3281.83,68447.319
2024-12-23 00:00:00,3281.83,3357.03,3216.97,3351.0,92072.9227
2024-12-23 04:00:00,3351.0,3363.12,3260.48,3305.2,59489.045
2024-12-23 08:00:00,3305.2,3355.54,3293.5,3339.54,54542.9983
2024-12-23 12:00:00,3339.51,3361.78,3269.35,3277.2,99124.7485
2024-12-23 16:00:00,3277.19,3384.6,3270.91,3338.21,97640.678
2024-12-23 20:00:00,3338.21,3466.99,3329.66,3422.53,85383.0175
2024-12-24 00:00:00,3422.53,3426.4,3358.19,3396.94,52061.6979
2024-12-24 04:00:00,3396.95,3434.97,3385.02,3401.22,37688.0563
2024-12-24 08:00:00,3401.22,3416.65,3385.98,3414.56,34709.9812
2024-12-24 12:00:00,3414.56,3510.0,3395.59,3493.07,84727.1401
2024-12-24 16:00:00,3493.07,3539.65,3465.02,3465.52,68642.133
2024-12-24 20:00:00,3465.51,3505.0,3431.99,3493.18,37894.6678
2024-12-25 00:00:00,3493.17,3495.97,3458.0,3478.23,37452.4891
2024-12-25 04:00:00,3478.23,3509.68,3469.61,3489.22,23470.0573
2024-12-25 08:00:00,3489.21,3547.95,3465.43,3471.04,56689.0785
2024-12-25 12:00:00,3471.04,3501.05,3457.7,3472.99,43263.8038
2024-12-25 16:00:00,3473.0,3488.55,3440.93,3481.21,30283.1034
2024-12-25 20:00:00,3481.21,3500.0,3449.64,3497.0,28687.5131
2024-12-26 00:00:00,3497.0,3514.94,3450.45,3455.71,39490.1081
2024-12-26 04:00:00,3455.71,3455.71,3417.95,3422.0,37010.8253
2024-12-26 08:00:00,3422.0,3426.0,3346.87,3373.28,75705.1585
2024-12-26 12:00:00,3373.28,3374.0,3328.21,3344.13,52846.6299
2024-12-26 16:00:00,3344.14,3365.01,3313.5,3339.75,51011.9069
2024-12-26 20:00:00,3339.74,3350.0,3304.63,3335.05,54105.5432
2024-12-27 00:00:00,3335.04,3388.57,3317.27,3379.4,45630.5975
2024-12-27 04:00:00,3379.4,3398.79,3317.25,3326.02,51589.392
2024-12-27 08:00:00,3326.01,3444.16,3325.68,3419.27,84740.616
2024-12-27 12:00:00,3419.27,3423.0,3307.83,3326.32,76485.302
2024-12-27 16:00:00,3326.32,3366.62,3306.6,3355.0,51582.1218
2024-12-27 20:00:00,3354.99,3355.54,3310.0,3333.51,32501.5745
2024-12-28 00:00:00,3333.51,3353.09,3322.23,3345.51,26238.7528
2024-12-28 04:00:00,3345.51,3361.14,3332.71,3335.53,23967.6455
2024-12-28 08:00:00,3335.53,3363.53,3333.0,3359.23,26959.5805
2024-12-28 12:00:00,3359.23,3396.0,3351.02,3368.38,41263.3733
2024-12-28 16:00:00,3368.39,3413.0,3365.61,3400.87,33164.8093
2024-12-28 20:00:00,3400.87,3428.68,3389.71,3404.0,24369.4516
2024-12-29 00:00:00,3404.01,3406.6,3375.62,3382.98,20759.3469
2024-12-29 04:00:00,3382.98,3407.99,3380.0,3407.61,15629.5688
2024-12-29 08:00:00,3407.6,3413.78,3390.0,3398.36,21613.8119
2024-12-29 12:00:00,3398.37,3410.92,3354.68,3373.82,35645.2469
2024-12-29 16:00:00,3373.82,3376.21,3345.9,3362.6,25174.7717
2024-12-29 20:00:00,3362.59,3368.35,3326.17,3356.48,37434.1357
2024-12-30 00:00:00,3356.48,3437.59,3347.77,3403.76,63632.2232
2024-12-30 04:00:00,3403.75,3432.65,3388.6,3427.0,49424.5964
2024-12-30 08:00:00,3427.01,3434.35,3395.05,3424.13,41773.7823
2024-12-30 12:00:00,3424.12,3430.2,3305.0,3324.16,104004.1696
2024-12-30 16:00:00,3324.16,3408.56,3317.5,3401.93,73974.9031
2024-12-30 20:00:00,3401.93,3419.0,3308.87,3361.84,87984.973
2024-12-31 00:00:00,3361.83,3365.04,3315.59,3340.18,41362.5257
2024-12-31 04:00:00,3340.19,3363.42,3328.77,3353.64,24854.5842
2024-12-31 08:00:00,3353.64,3410.0,3352.79,3394.73,44537.3245
2024-12-31 12:00:00,3394.74,3451.0,3393.12,3412.85,95324.0163
2024-12-31 16:00:00,3412.86,3416.35,3330.0,3355.38,65968.4251
2024-12-31 20:00:00,3355.37,3364.64,3328.47,3337.78,31006.2927
2025-01-01 00:00:00,3337.78,3368.42,3335.84,3355.2,27833.8566
2025-01-01 04:00:00,3355.2,3356.61,3336.88,3347.12,20068.2829
2025-01-01 08:00:00,3347.11,3348.84,3313.88,3341.0,39620.2004
2025-01-01 12:00:00,3341.01,3359.37,3328.2,3352.93,30899.7402
2025-01-01 16:00:00,3352.93,3364.14,3323.03,3356.55,35964.8595
2025-01-01 20:00:00,3356.56,3374.85,3352.0,3360.38,35851.6465
2025-01-02 00:00:00,3360.39,3405.6,3354.5,3388.55,52198.498
2025-01-02 04:00:00,3388.54,3427.54,3388.0,3420.05,45379.1947
2025-01-02 08:00:00,3420.06,3476.0,3414.21,3471.18,51457.6321
2025-01-02 12:00:00,3471.18,3509.99,3440.38,3463.51,100117.958
2025-01-02 16:00:00,3463.52,3491.19,3428.99,3463.18,59125.0848
2025-01-02 20:00:00,3463.18,3475.28,3421.79,3455.67,30354.5198
2025-01-03 00:00:00,3455.68,3477.03,3442.62,3470.16,30377.2819
2025-01-03 04:00:00,3470.17,3470.94,3432.44,3433.27,26434.7355
2025-01-03 08:00:00,3433.27,3468.01,3423.44,3465.62,33237.3195
2025-01-03 12:00:00,3465.61,3576.0,3461.26,3565.13,113597.4343
2025-01-03 16:00:00,3565.14,3630.0,3565.14,3622.83,91647.7522
2025-01-03 20:00:00,3622.82,3624.38,3595.0,3609.01,38746.537
2025-01-04 00:00:00,3609.0,3620.86,3579.92,3597.97,32059.5521
2025-01-04 04:00:00,3597.98,3609.81,3584.16,3594.04,29387.4649
2025-01-04 08:00:00,3594.05,3605.57,3572.42,3602.01,26671.4
2025-01-04 12:00:00,3602.01,3663.25,3592.06,3607.81,74947.1675
2025-01-04 16:00:00,3607.81,3644.54,3601.62,3631.14,31618.7517
2025-01-04 20:00:00,3631.13,3671.6,3631.13,3656.88,34581.9771
2025-01-05 00:00:00,3656.88,3675.25,3629.66,3637.79,23170.7894
2025-01-05 04:00:00,3637.79,3650.44,3629.0,3631.56,14533.8551
2025-01-05 08:00:00,3631.55,3633.29,3603.33,3613.47,29089.6373
2025-01-05 12:00:00,3613.46,3638.77,3593.7,3629.6,38066.8557
2025-01-05 16:00:00,3629.6,3648.11,3613.04,3637.78,27732.354
2025-01-05 20:00:00,3637.78,3656.88,3629.5,3635.99,22850.6826
2025-01-06 00:00:00,3636.0,3684.03,3610.63,3664.92,50315.5662
2025-01-06 04:00:00,3664.92,3698.04,3642.6,3650.75,44005.3678
2025-01-06 08:00:00,3650.75,3662.73,3633.0,3654.52,35871.6086
2025-01-06 12:00:00,3654.51,3714.49,3622.1,3714.45,97690.5245
2025-01-06 16:00:00,3714.45,3744.83,3655.55,3687.44,72164.6711
2025-01-06 20:00:00,3687.44,3703.38,3666.37,3687.45,29594.6266
2025-01-07 00:00:00,3687.44,3700.86,3663.0,3682.25,27692.0794
2025-01-07 04:00:00,3682.25,3685.92,3659.0,3667.77,20773.8207
2025-01-07 08:00:00,3667.78,3679.27,3625.55,3639.27,38116.8609
2025-01-07 12:00:00,3639.28,3645.95,3413.81,3462.64,237757.3537
2025-01-07 16:00:00,3462.65,3491.7,3372.71,3385.67,137249.7913
2025-01-07 20:00:00,3385.68,3414.04,3356.31,3381.31,79953.3814
2025-01-08 00:00:00,3381.31,3415.1,3343.22,3360.31,72032.314
2025-01-08 04:00:00,3360.31,3373.14,3306.41,3354.59,96871.4444
2025-01-08 08:00:00,3354.59,3376.85,3323.0,3349.79,56107.3562
2025-01-08 12:00:00,3349.78,3386.36,3332.55,3346.73,110465.553
2025-01-08 16:00:00,3346.72,3347.68,3208.2,3280.68,202602.4597
2025-01-08 20:00:00,3280.68,3334.8,3266.08,3327.29,46670.8354
2025-01-09 00:00:00,3327.29,3357.27,3306.5,3324.74,52228.5161
2025-01-09 04:00:00,3324.71,3343.36,3281.96,3288.71,48878.5653
2025-01-09 08:00:00,3288.71,3327.75,3265.77,3301.41,68409.9459
2025-01-09 12:00:00,3301.41,3337.0,3210.28,3320.58,129495.9017
2025-01-09 16:00:00,3320.57,3327.91,3190.82,3195.63,101321.1919
2025-01-09 20:00:00,3195.63,3239.59,3158.0,3219.2,101484.3038
2025-01-10 00:00:00,3219.2,3260.47,3213.74,3254.37,38726.2671
2025-01-10 04:00:00,3254.36,3313.65,3242.4,3296.29,54266.7097
2025-01-10 08:00:00,3296.29,3321.25,3288.12,3311.65,58339.9484
2025-01-10 12:00:00,3311.64,3317.03,3193.97,3245.14,188771.5903
2025-01-10 16:00:00,3245.15,3322.49,3232.2,3295.66,87802.2684
2025-01-10 20:00:00,3295.65,3295.65,3256.9,3267.04,26235.3494
2025-01-11 00:00:00,3267.05,3270.0,3231.83,3236.8,23585.0737
2025-01-11 04:00:00,3236.8,3251.13,3222.73,3235.72,22043.9098
2025-01-11 08:00:00,3235.72,3280.5,3217.56,3273.81,33928.1666
2025-01-11 12:00:00,3273.81,3282.94,3258.3,3271.33,22576.1658
2025-01-11 16:00:00,3271.33,3283.54,3259.06,3278.45,20674.0187
2025-01-11 20:00:00,3278.46,3320.18,3275.84,3282.83,28872.4141
2025-01-12 00:00:00,3282.83,3290.91,3274.12,3286.0,16338.3838
2025-01-12 04:00:00,3286.0,3289.41,3263.49,3266.87,17101.3936
2025-01-12 08:00:00,3266.87,3271.36,3224.49,3253.02,30127.3285
2025-01-12 12:00:00,3253.03,3296.14,3247.89,3285.68,45904.0573
2025-01-12 16:00:00,3285.68,3300.0,3268.66,3280.12,25565.4361
2025-01-12 20:00:00,3280.11,3289.31,3234.38,3267.3,29843.3716
2025-01-13 00:00:00,3267.3,3339.0,3235.69,3242.72,74893.5146
2025-01-13 04:00:00,3242.73,3260.49,3181.3,3201.66,60066.4461
2025-01-13 08:00:00,3201.66,3205.9,3055.88,3057.16,168149.8731
2025-01-13 12:00:00,3057.15,3091.38,2920.0,3049.0,307651.5684
2025-01-13 16:00:00,3049.01,3060.51,2986.4,3025.07,133843.8405
2025-01-13 20:00:00,3025.06,3143.2,3011.71,3137.51,101302.3242
2025-01-14 00:00:00,3137.51,3175.51,3125.65,3158.87,49686.9686
2025-01-14 04:00:00,3158.87,3190.07,3158.18,3171.53,34578.9351
2025-01-14 08:00:00,3171.53,3256.67,3169.41,3217.62,81942.4905
2025-01-14 12:00:00,3217.61,3233.27,3178.11,3199.45,120884.5335
2025-01-14 16:00:00,3199.45,3235.99,3172.12,3214.38,56930.5399
2025-01-14 20:00:00,3214.37,3240.69,3194.86,3225.63,30284.9841
2025-01-15 00:00:00,3225.63,3245.77,3205.17,3240.79,53847.0282
2025-01-15 04:00:00,3240.8,3252.35,3215.73,3233.3,36021.9932
2025-01-15 08:00:00,3233.3,3248.55,3186.36,3199.6,41139.0192
2025-01-15 12:00:00,3199.61,3353.82,3186.73,3334.47,167086.5433
2025-01-15 16:00:00,3334.47,3442.59,3323.91,3434.99,92241.8869
2025-01-15 20:00:00,3434.99,3473.75,3418.4,3451.52,73851.5632
2025-01-16 00:00:00,3451.51,3460.79,3346.0,3363.38,80015.6264
2025-01-16 04:00:00,3363.38,3391.5,3362.0,3384.3,35612.5086
2025-01-16 08:00:00,3384.3,3385.84,3300.21,3351.27,81969.0716
2025-01-16 12:00:00,3351.26,3365.16,3265.44,3333.04,143419.3038
2025-01-16 16:00:00,3333.02,3365.95,3310.47,3344.81,66607.9866
2025-01-16 20:00:00,3344.81,3354.01,3269.0,3308.05,63658.1817
2025-01-17 00:00:00,3308.04,3397.66,3307.5,3361.01,97199.4285
2025-01-17 04:00:00,3361.01,3389.11,3347.79,3373.14,51957.9518
2025-01-17 08:00:00,3373.14,3439.0,3372.52,3423.24,70486.3322
2025-01-17 12:00:00,3423.25,3450.53,3395.14,3421.8,119276.6918
2025-01-17 16:00:00,3421.8,3448.5,3407.63,3432.11,69418.1971
2025-01-17 20:00:00,3432.1,3525.72,3425.9,3473.63,110211.5799
2025-01-18 00:00:00,3473.64,3494.39,3368.06,3384.07,72302.7289
2025-01-18 04:00:00,3384.08,3395.49,3281.09,3287.63,136100.3118
2025-01-18 08:00:00,3287.64,3324.1,3227.0,3311.62,153502.6355
2025-01-18 12:00:00,3311.63,3347.34,3274.17,3307.07,121126.2592
2025-01-18 16:00:00,3307.07,3316.62,3250.0,3290.2,102206.1472
2025-01-18 20:00:00,3290.21,3321.11,3258.37,3307.71,48959.0455
2025-01-19 00:00:00,3307.71,3378.11,3298.71,3335.47,85390.1548
2025-01-19 04:00:00,3335.47,3337.95,3259.9,3276.06,116181.1471
2025-01-19 08:00:00,3276.06,3277.53,3130.48,3149.97,255482.6912
2025-01-19 12:00:00,3149.98,3426.05,3145.0,3383.68,366843.084
2025-01-19 16:00:00,3383.68,3448.99,3378.11,3418.92,133240.277
2025-01-19 20:00:00,3418.93,3431.82,3156.7,3215.12,385164.1676
2025-01-20 00:00:00,3215.2,3280.75,3142.78,3272.34,274130.007
2025-01-20 04:00:00,3272.3,3453.69,3250.66,3382.59,232466.8507
2025-01-20 08:00:00,3382.58,3413.3,3334.32,3375.43,131468.8606
2025-01-20 12:00:00,3375.42,3379.94,3257.2,3335.9,167094.9543
2025-01-20 16:00:00,3335.91,3390.68,3205.42,3343.5,286337.6826
2025-01-20 20:00:00,3343.49,3344.5,3255.92,3284.0,66856.4262
2025-01-21 00:00:00,3283.99,3289.85,3204.6,3262.6,133473.3547
2025-01-21 04:00:00,3262.6,3266.24,3213.03,3254.7,71362.1643
2025-01-21 08:00:00,3254.7,3314.0,3234.48,3305.07,82511.5762
2025-01-21 12:00:00,3305.07,3335.44,3265.11,3295.1,121235.0686
2025-01-21 16:00:00,3295.1,3368.0,3290.5,3332.16,92024.6512
2025-01-21 20:00:00,3332.16,3347.12,3302.03,3327.54,48099.2363
2025-01-22 00:00:00,3327.55,3365.99,3321.31,3330.98,60248.4497
2025-01-22 04:00:00,3330.98,3339.59,3287.0,3288.07,50588.4786
2025-01-22 08:00:00,3288.08,3329.99,3273.83,3326.55,52580.187
2025-01-22 12:00:00,3326.55,3332.7,3267.17,3278.39,77812.8324
2025-01-22 16:00:00,3278.39,3291.3,3239.4,3261.99,61571.1565
2025-01-22 20:00:00,3262.0,3276.6,3222.85,3242.6,46439.6456
2025-01-23 00:00:00,3242.61,3261.34,3204.18,3226.92,66638.8818
2025-01-23 04:00:00,3227.0,3234.0,3185.0,3233.48,55874.4651
2025-01-23 08:00:00,3233.48,3233.65,3188.89,3213.08,54314.7039
2025-01-23 12:00:00,3213.08,3286.72,3189.69,3259.33,162299.7618
2025-01-23 16:00:00,3259.33,3297.49,3195.0,3204.98,86129.1778
2025-01-23 20:00:00,3204.98,3347.97,3196.25,3338.21,180335.7321
2025-01-24 00:00:00,3338.22,3349.6,3275.9,3302.26,79820.4869
2025-01-24 04:00:00,3302.26,3421.0,3292.23,3380.8,111035.1083
2025-01-24 08:00:00,3380.79,3416.5,3374.68,3399.22,57084.8198
2025-01-24 12:00:00,3399.21,3428.0,3355.67,3383.69,82277.9441
2025-01-24 16:00:00,3383.64,3409.4,3365.0,3368.7,54874.6628
2025-01-24 20:00:00,3368.7,3378.79,3304.11,3310.09,66431.2533
2025-01-25 00:00:00,3310.1,3325.0,3268.66,3319.44,56579.5625
2025-01-25 04:00:00,3319.43,3319.7,3283.57,3291.53,32529.0183
2025-01-25 08:00:00,3291.52,3311.5,3272.09,3306.91,26453.7694
2025-01-25 12:00:00,3306.91,3345.0,3294.24,3334.62,37205.69
2025-01-25 16:00:00,3334.62,3349.58,3330.63,3340.3,30687.7471
2025-01-25 20:00:00,3340.29,3350.68,3314.87,3318.77,25103.2542
2025-01-26 00:00:00,3318.76,3350.0,3313.9,3338.94,30620.8049
2025-01-26 04:00:00,3338.95,3362.0,3330.3,3338.56,31975.7408
2025-01-26 08:00:00,3338.57,3343.45,3292.82,3312.3,37739.2642
2025-01-26 12:00:00,3312.3,3320.68,3297.47,3315.31,35395.7128
2025-01-26 16:00:00,3315.31,3344.88,3307.96,3338.74,32638.251
2025-01-26 20:00:00,3338.73,3342.34,3230.0,3232.61,103795.6953
2025-01-27 00:00:00,3232.61,3253.91,3160.71,3183.6,143752.4038
2025-01-27 04:00:00,3183.6,3183.6,3020.01,3070.8,190988.3997
2025-01-27 08:00:00,3070.8,3090.77,3034.48,3058.94,113419.5103
2025-01-27 12:00:00,3058.94,3152.0,3053.67,3133.4,130642.8831
2025-01-27 16:00:00,3133.39,3133.39,3046.68,3075.93,91816.9296
2025-01-27 20:00:00,3075.93,3239.0,3073.13,3182.44,82384.6264
2025-01-28 00:00:00,3182.44,3218.39,3151.62,3203.15,59730.3964
2025-01-28 04:00:00,3203.15,3223.01,3188.8,3196.22,36876.4693
2025-01-28 08:00:00,3196.22,3208.0,3177.1,3186.74,29927.795
2025-01-28 12:00:00,3186.75,3214.38,3156.86,3181.36,56108.5561
2025-01-28 16:00:00,3181.37,3182.98,3120.36,3147.31,70607.8468
2025-01-28 20:00:00,3147.31,3155.37,3040.03,3077.72,97708.6537
2025-01-29 00:00:00,3077.72,3132.69,3076.31,3130.43,38565.7576
2025-01-29 04:00:00,3130.43,3160.0,3117.01,3156.89,31716.9894
2025-01-29 08:00:00,3156.88,3164.11,3119.8,3135.13,31298.1473
2025-01-29 12:00:00,3135.13,3140.38,3080.57,3101.12,63257.2553
2025-01-29 16:00:00,3101.11,3153.22,3054.06,3126.5,138822.555
2025-01-29 20:00:00,3126.49,3182.52,3091.0,3113.9,106076.553
2025-01-30 00:00:00,3113.9,3202.58,3091.06,3201.5,59767.8767
2025-01-30 04:00:00,3201.5,3215.73,3178.76,3191.04,41271.2784
2025-01-30 08:00:00,3191.04,3229.82,3181.1,3222.71,43500.7294
2025-01-30 12:00:00,3222.71,3281.0,3209.24,3255.3,115188.9076
2025-01-30 16:00:00,3255.3,3283.43,3249.06,3271.61,48762.1455
2025-01-30 20:00:00,3271.6,3273.2,3228.68,3247.39,42148.5447
2025-01-31 00:00:00,3247.38,3279.5,3221.2,3230.65,44873.3589
2025-01-31 04:00:00,3230.65,3276.93,3213.8,3241.63,50490.3334
2025-01-31 08:00:00,3241.63,3338.55,3234.05,3335.16,93861.7646
2025-01-31 12:00:00,3335.16,3436.34,3325.3,3427.66,186786.6888
2025-01-31 16:00:00,3427.65,3437.31,3294.97,3339.08,183740.9869
2025-01-31 20:00:00,3339.07,3339.07,3278.5,3300.99,88928.5235
2025-02-01 00:00:00,3300.99,3331.98,3283.01,3291.97,45386.3486
2025-02-01 04:00:00,3291.97,3307.19,3273.44,3280.1,38200.5703
2025-02-01 08:00:00,3280.11,3286.31,3224.01,3252.16,61226.0725
2025-02-01 12:00:00,3252.17,3273.15,3228.93,3250.99,42293.9961
2025-02-01 16:00:00,3251.0,3267.24,3178.07,3197.08,60538.4039
2025-02-01 20:00:00,3197.09,3197.09,3101.7,3117.54,106419.8611
2025-02-02 00:00:00,3117.54,3163.2,3069.36,3077.97,89939.3891
2025-02-02 04:00:00,3077.98,3139.0,3075.0,3101.51,79243.3375
2025-02-02 08:00:00,3101.5,3124.13,3052.19,3064.86,74238.7842
2025-02-02 12:00:00,3064.87,3101.92,3050.64,3081.19,110373.1219
2025-02-02 16:00:00,3081.18,3082.02,2894.4,2958.9,371163.2332
2025-02-02 20:00:00,2958.91,2987.68,2750.71,2869.68,325848.0641
2025-02-03 00:00:00,2869.68,2872.75,2125.01,2527.12,1114056.6473
2025-02-03 04:00:00,2527.2,2632.8,2447.25,2622.35,360415.8333
2025-02-03 08:00:00,2622.35,2622.51,2526.16,2581.41,313992.2338
2025-02-03 12:00:00,2581.41,2728.0,2529.39,2700.72,480214.163
2025-02-03 16:00:00,2700.73,2770.26,2668.06,2764.23,264479.6094
2025-02-03 20:00:00,2764.21,2921.0,2695.61,2879.9,274820.5342
2025-02-04 00:00:00,2879.89,2888.5,2792.22,2811.0,138011.8718
2025-02-04 04:00:00,2810.99,2836.68,2663.21,2703.53,263950.4571
2025-02-04 08:00:00,2703.54,2789.44,2677.0,2757.99,136242.205
2025-02-04 12:00:00,2757.99,2846.3,2730.18,2777.18,248591.0339
2025-02-04 16:00:00,2777.18,2869.39,2765.26,2770.6,197618.1804
2025-02-04 20:00:00,2770.6,2794.05,2632.6,2731.19,275180.6437
2025-02-05 00:00:00,2731.19,2767.78,2699.13,2720.38,115470.3507
2025-02-05 04:00:00,2720.38,2788.0,2709.2,2759.31,83663.9379
2025-02-05 08:00:00,2759.3,2817.89,2746.85,2800.01,97829.6017
2025-02-05 12:00:00,2800.0,2826.95,2757.46,2773.46,145221.6591
2025-02-05 16:00:00,2773.45,2787.56,2715.27,2775.49,147455.2194
2025-02-05 20:00:00,2775.5,2803.0,2739.49,2788.25,96952.2741
2025-02-06 00:00:00,2788.25,2819.51,2755.69,2806.49,90491.0279
2025-02-06 04:00:00,2806.5,2856.21,2805.87,2831.32,72823.7821
2025-02-06 08:00:00,2831.33,2857.64,2793.05,2803.92,78819.9706
2025-02-06 12:00:00,2803.92,2807.77,2683.71,2705.57,201947.9866
2025-02-06 16:00:00,2705.57,2726.75,2672.03,2689.57,178796.1312
2025-02-06 20:00:00,2689.56,2725.6,2655.28,2686.64,96581.0587
2025-02-07 00:00:00,2686.63,2739.61,2679.79,2715.58,84594.2909
2025-02-07 04:00:00,2715.58,2731.0,2668.03,2713.07,73234.0939
2025-02-07 08:00:00,2713.06,2764.78,2705.56,2762.69,54688.6634
2025-02-07 12:00:00,2762.69,2797.5,2710.97,2721.73,186449.8092
2025-02-07 16:00:00,2721.74,2727.78,2655.8,2659.3,136563.808
2025-02-07 20:00:00,2659.3,2661.85,2562.51,2622.1,159936.6958
2025-02-08 00:00:00,2622.11,2667.3,2615.88,2641.66,92979.212
2025-02-08 04:00:00,2641.67,2648.99,2594.63,2629.61,82532.5459
2025-02-08 08:00:00,2629.61,2632.5,2601.4,2613.32,46191.8863
2025-02-08 12:00:00,2613.3,2636.9,2588.8,2605.24,64882.546
2025-02-08 16:00:00,2605.24,2649.9,2589.97,2637.89,64134.2209
2025-02-08 20:00:00,2637.89,2645.6,2623.78,2632.46,28964.7398
2025-02-09 00:00:00,2632.46,2698.9,2626.63,2678.54,57303.1101
2025-02-09 04:00:00,2678.53,2678.9,2649.29,2662.59,32616.6626
2025-02-09 08:00:00,2662.59,2673.38,2650.99,2654.78,36834.7682
2025-02-09 12:00:00,2654.8,2661.81,2611.78,2653.21,62701.1928
2025-02-09 16:00:00,2653.22,2666.38,2616.81,2623.89,38288.2364
2025-02-09 20:00:00,2623.89,2649.55,2520.02,2627.18,159422.821
2025-02-10 00:00:00,2627.18,2658.6,2559.85,2625.97,124085.1172
2025-02-10 04:00:00,2625.97,2660.0,2618.4,2637.03,50659.2011
2025-02-10 08:00:00,2637.02,2662.0,2634.84,2653.16,44469.5344
2025-02-10 12:00:00,2653.16,2684.55,2631.24,2658.22,79674.8175
2025-02-10 16:00:00,2658.21,2693.79,2650.0,2672.28,64651.5219
2025-02-10 20:00:00,2672.28,2686.61,2651.74,2661.19,34633.0795
2025-02-11 00:00:00,2661.19,2725.04,2660.72,2678.89,74917.793
2025-02-11 04:00:00,2678.89,2724.98,2676.49,2712.15,56265.817
2025-02-11 08:00:00,2712.12,2720.9,2690.24,2708.8,59949.3625
2025-02-11 12:00:00,2708.8,2710.29,2626.13,2662.36,87537.4987
2025-02-11 16:00:00,2662.35,2670.8,2580.0,2589.7,103602.5891
2025-02-11 20:00:00,2589.69,2631.36,2558.24,2602.59,101923.0832
2025-02-12 00:00:00,2602.59,2624.36,2569.31,2587.24,51289.7143
2025-02-12 04:00:00,2587.23,2624.07,2577.5,2618.63,47853.4948
2025-02-12 08:00:00,2618.62,2639.49,2610.78,2627.08,58319.6511
2025-02-12 12:00:00,2627.08,2665.16,2546.92,2606.9,231775.8396
2025-02-12 16:00:00,2606.9,2683.65,2583.18,2677.95,116993.489
2025-02-12 20:00:00,2677.95,2795.45,2669.49,2738.27,140063.7071
2025-02-13 00:00:00,2738.27,2757.28,2716.0,2744.0,59978.5118
2025-02-13 04:00:00,2744.0,2745.73,2672.03,2681.5,65437.2035
2025-02-13 08:00:00,2681.51,2688.43,2650.65,2656.19,67087.393
2025-02-13 12:00:00,2656.18,2677.77,2616.04,2647.95,129821.5749
2025-02-13 16:00:00,2647.96,2662.17,2612.76,2640.94,82110.6284
2025-02-13 20:00:00,2640.94,2679.99,2640.5,2675.87,39333.9737
2025-02-14 00:00:00,2675.87,2721.4,2664.46,2715.39,46515.5177
2025-02-14 04:00:00,2715.39,2716.2,2689.43,2699.42,45766.299
2025-02-14 08:00:00,2699.41,2716.48,2682.42,2684.81,70491.0328
2025-02-14 12:00:00,2684.8,2747.39,2677.43,2734.33,88731.914
2025-02-14 16:00:00,2734.33,2791.78,2709.61,2738.0,116442.086
2025-02-14 20:00:00,2738.0,2751.1,2706.0,2725.95,51948.9367
2025-02-15 00:00:00,2725.95,2739.0,2703.99,2724.4,38406.6504
2025-02-15 04:00:00,2724.41,2733.6,2694.0,2697.66,28365.3972
2025-02-15 08:00:00,2697.65,2715.1,2695.7,2708.37,31229.706
2025-02-15 12:00:00,2708.37,2713.99,2662.28,2691.05,51483.7874
2025-02-15 16:00:00,2691.05,2707.93,2679.0,2691.59,29841.035
2025-02-15 20:00:00,2691.6,2704.0,2679.16,2693.04,23644.8535
2025-02-16 00:00:00,2693.04,2705.98,2687.71,2698.73,18133.5135
2025-02-16 04:00:00,2698.73,2727.31,2690.56,2695.59,30078.2868
2025-02-16 08:00:00,2695.59,2713.0,2689.49,2710.99,31255.4898
2025-02-16 12:00:00,2710.99,2712.49,2676.73,2694.2,36990.7167
2025-02-16 16:00:00,2694.21,2703.46,2659.1,2683.47,38553.7836
2025-02-16 20:00:00,2683.46,2689.13,2651.26,2661.41,36219.741
2025-02-17 00:00:00,2661.41,2684.0,2658.0,2671.88,34706.9905
2025-02-17 04:00:00,2671.89,2695.27,2637.71,2681.59,95908.2492
2025-02-17 08:00:00,2681.59,2774.98,2676.29,2755.2,133143.9377
2025-02-17 12:00:00,2755.2,2849.7,2746.1,2755.72,201274.6321
2025-02-17 16:00:00,2755.71,2765.79,2686.91,2717.72,124486.4926
2025-02-17 20:00:00,2717.72,2778.15,2716.54,2744.05,50219.5176
2025-02-18 00:00:00,2744.05,2756.93,2707.5,2712.08,53866.0828
2025-02-18 04:00:00,2712.07,2718.09,2652.17,2672.51,144898.4315
2025-02-18 08:00:00,2672.51,2706.12,2653.4,2679.26,88680.2452
2025-02-18 12:00:00,2679.26,2732.8,2660.0,2673.7,114342.8765
2025-02-18 16:00:00,2673.7,2684.63,2605.44,2630.37,139482.6642
2025-02-18 20:00:00,2630.38,2672.4,2618.0,2671.99,63593.5735
2025-02-19 00:00:00,2672.0,2700.0,2656.03,2694.02,48256.7103
2025-02-19 04:00:00,2694.02,2717.34,2664.54,2708.38,56191.0568
2025-02-19 08:00:00,2708.39,2736.7,2703.99,2726.93,61785.4339
2025-02-19 12:00:00,2726.93,2731.16,2677.51,2696.99,71752.3137
2025-02-19 16:00:00,2696.99,2724.29,2694.78,2712.03,47648.0995
2025-02-19 20:00:00,2712.03,2734.37,2706.02,2715.5,40520.406
2025-02-20 00:00:00,2715.51,2751.5,2709.69,2741.77,50953.0686
2025-02-20 04:00:00,2741.77,2758.68,2722.23,2730.22,50511.3938
2025-02-20 08:00:00,2730.23,2746.99,2725.28,2740.71,33327.6054
2025-02-20 12:00:00,2740.7,2770.59,2707.33,2712.6,96259.5299
2025-02-20 16:00:00,2712.6,2767.93,2707.18,2747.77,72800.2885
2025-02-20 20:00:00,2747.77,2761.06,2722.2,2738.04,32883.3682
2025-02-21 00:00:00,2738.04,2749.49,2726.0,2744.2,32255.6241
2025-02-21 04:00:00,2744.2,2769.56,2744.19,2756.32,44085.0098
2025-02-21 08:00:00,2756.31,2831.71,2747.74,2788.73,101826.5357
2025-02-21 12:00:00,2788.73,2845.32,2675.02,2723.31,273746.5973
2025-02-21 16:00:00,2723.3,2769.88,2625.94,2640.19,328655.2354
2025-02-21 20:00:00,2640.2,2664.0,2616.72,2663.0,109871.0581
2025-02-22 00:00:00,2663.0,2688.97,2653.33,2675.37,88626.3932
2025-02-22 04:00:00,2675.37,2697.1,2673.0,2684.56,35257.9596
2025-02-22 08:00:00,2684.55,2753.59,2676.8,2732.99,136897.9772
2025-02-22 12:00:00,2733.0,2785.91,2722.15,2775.68,64983.537
2025-02-22 16:00:00,2775.67,2798.07,2756.37,2770.09,89040.9675
2025-02-22 20:00:00,2770.1,2778.14,2759.39,2763.22,30182.8324
2025-02-23 00:00:00,2763.23,2775.88,2745.41,2752.77,39782.8142
2025-02-23 04:00:00,2752.76,2829.98,2746.17,2825.2,108629.0536
2025-02-23 08:00:00,2825.2,2831.58,2783.2,2797.48,98860.1041
2025-02-23 12:00:00,2797.48,2827.0,2773.48,2783.0,155759.8402
2025-02-23 16:00:00,2783.0,2824.0,2782.38,2807.97,117626.0389
2025-02-23 20:00:00,2807.97,2857.34,2784.01,2819.69,90344.2712
2025-02-24 00:00:00,2819.7,2839.95,2711.8,2718.08,132389.5642
2025-02-24 04:00:00,2718.08,2735.78,2691.49,2722.01,121962.0226
2025-02-24 08:00:00,2722.02,2722.4,2663.03,2689.99,104336.8507
2025-02-24 12:00:00,2690.0,2696.63,2636.33,2658.77,146891.4552
2025-02-24 16:00:00,2658.77,2682.42,2623.12,2641.26,112927.4368
2025-02-24 20:00:00,2641.3,2663.9,2470.33,2513.52,258369.0412
2025-02-25 00:00:00,2513.52,2530.6,2458.27,2495.21,211165.3701
2025-02-25 04:00:00,2495.22,2512.9,2313.49,2368.11,376091.6202
2025-02-25 08:00:00,2368.12,2439.5,2357.05,2433.69,255323.8198
2025-02-25 12:00:00,2433.7,2448.95,2361.89,2409.8,250071.3592
2025-02-25 16:00:00,2409.8,2473.59,2383.4,2471.91,135745.5299
2025-02-25 20:00:00,2471.9,2533.49,2457.59,2495.7,93619.1726
2025-02-26 00:00:00,2495.69,2507.5,2471.8,2490.6,62969.4729
2025-02-26 04:00:00,2490.61,2506.4,2475.2,2483.81,64151.974
2025-02-26 08:00:00,2483.81,2496.25,2457.77,2464.79,93766.3355
2025-02-26 12:00:00,2464.8,2466.81,2370.0,2428.47,166356.9374
2025-02-26 16:00:00,2428.5,2434.2,2266.1,2296.29,278352.1916
2025-02-26 20:00:00,2296.3,2383.37,2253.77,2336.37,197490.3019
2025-02-27 00:00:00,2336.38,2370.9,2315.85,2332.11,90991.5806
2025-02-27 04:00:00,2332.11,2373.2,2303.22,2356.13,111823.423
2025-02-27 08:00:00,2356.13,2381.6,2343.41,2353.82,77842.7418
2025-02-27 12:00:00,2353.83,2362.35,2290.78,2323.31,129970.0648
2025-02-27 16:00:00,2323.31,2337.5,2278.79,2292.41,105527.0794
2025-02-27 20:00:00,2292.41,2311.52,2230.57,2307.72,121429.021
2025-02-28 00:00:00,2307.72,2314.18,2123.63,2147.49,410729.0366
2025-02-28 04:00:00,2147.49,2156.0,2076.26,2106.2,304572.7663
2025-02-28 08:00:00,2106.21,2151.94,2076.26,2125.8,164223.0144
2025-02-28 12:00:00,2125.8,2228.64,2105.38,2223.01,234321.3019
2025-02-28 16:00:00,2223.0,2255.13,2193.4,2230.15,120716.9075
2025-02-28 20:00:00,2230.14,2239.69,2198.51,2237.59,56976.029
2025-03-01 00:00:00,2237.59,2275.61,2213.33,2262.98,76171.7295
2025-03-01 04:00:00,2262.98,2281.14,2224.2,2229.24,78968.1809
2025-03-01 08:00:00,2229.25,2239.77,2171.41,2184.42,76803.1109
2025-03-01 12:00:00,2184.43,2187.7,2142.73,2173.29,87634.5779
2025-03-01 16:00:00,2173.3,2234.6,2169.4,2223.31,67008.3349
2025-03-01 20:00:00,2223.31,2235.99,2191.1,2217.39,59844.793
2025-03-02 00:00:00,2217.4,2230.82,2201.1,2220.18,64784.6556
2025-03-02 04:00:00,2220.19,2235.6,2218.2,2221.4,43328.6385
2025-03-02 08:00:00,2221.4,2260.84,2208.06,2238.88,91437.409
2025-03-02 12:00:00,2238.88,2291.76,2172.04,2229.51,238909.0638
2025-03-02 16:00:00,2229.51,2518.0,2212.35,2486.42,673710.4844
2025-03-02 20:00:00,2486.42,2550.58,2480.19,2518.11,154514.5235
2025-03-03 00:00:00,2518.12,2523.56,2418.67,2441.15,126059.2499
2025-03-03 04:00:00,2441.16,2457.25,2352.79,2387.01,116668.3594
2025-03-03 08:00:00,2387.01,2388.11,2322.01,2356.16,106661.5946
2025-03-03 12:00:00,2356.15,2389.0,2266.97,2287.24,233661.8371
2025-03-03 16:00:00,2287.3,2297.0,2100.0,2109.88,321208.0472
2025-03-03 20:00:00,2109.87,2173.29,2097.91,2149.01,205306.1121
2025-03-04 00:00:00,2149.02,2167.18,2002.81,2074.89,381379.4472
2025-03-04 04:00:00,2074.89,2122.12,2068.34,2080.41,100105.7709
2025-03-04 08:00:00,2080.42,2118.0,2071.03,2101.36,83425.9767
2025-03-04 12:00:00,2101.38,2158.32,2025.62,2074.49,282620.1985
2025-03-04 16:00:00,2074.49,2174.72,1993.2,2172.65,263372.4771
2025-03-04 20:00:00,2172.63,2221.88,2126.06,2171.51,146918.4668
2025-03-05 00:00:00,2171.5,2192.75,2155.03,2160.89,75779.2625
2025-03-05 04:00:00,2160.9,2213.13,2156.15,2207.0,74065.4863
2025-03-05 08:00:00,2207.0,2273.51,2204.61,2217.72,157942.1343
2025-03-05 12:00:00,2217.72,2232.81,2166.48,2186.82,197537.5452
2025-03-05 16:00:00,2186.81,2222.99,2161.78,2218.3,119024.4928
2025-03-05 20:00:00,2218.3,2252.86,2214.12,2241.59,62781.8686
2025-03-06 00:00:00,2241.59,2296.31,2234.07,2289.79,105010.7409
2025-03-06 04:00:00,2289.79,2319.99,2275.91,2286.0,70371.8427
2025-03-06 08:00:00,2285.99,2305.68,2276.77,2297.59,52141.9558
2025-03-06 12:00:00,2297.59,2298.9,2208.6,2257.49,191161.4281
2025-03-06 16:00:00,2257.5,2265.7,2176.9,2198.34,112488.4374
2025-03-06 20:00:00,2198.35,2229.4,2192.3,2202.2,65733.9886
2025-03-07 00:00:00,2202.21,2227.39,2101.82,2147.89,241562.3974
2025-03-07 04:00:00,2147.9,2193.39,2144.59,2192.41,47011.2169
2025-03-07 08:00:00,2192.41,2210.8,2177.15,2197.49,48544.8208
2025-03-07 12:00:00,2197.49,2258.47,2165.79,2209.68,184203.3684
2025-03-07 16:00:00,2209.67,2215.49,2141.53,2178.34,137449.4887
2025-03-07 20:00:00,2178.33,2186.96,2115.0,2141.6,123615.9684
2025-03-08 00:00:00,2141.6,2156.0,2105.06,2137.8,49887.2769
2025-03-08 04:00:00,2137.8,2152.69,2131.4,2137.88,26053.3446
2025-03-08 08:00:00,2137.89,2143.5,2126.66,2141.95,32120.7156
2025-03-08 12:00:00,2141.95,2198.86,2138.1,2181.4,89601.1782
2025-03-08 16:00:00,2181.4,2234.93,2161.14,2224.6,96299.8498
2025-03-08 20:00:00,2224.61,2225.99,2193.2,2203.58,34830.7328
2025-03-09 00:00:00,2203.57,2212.0,2176.14,2186.01,31680.2767
2025-03-09 04:00:00,2186.0,2197.1,2171.84,2185.07,28504.2259
2025-03-09 08:00:00,2185.07,2187.68,2128.43,2146.7,55551.963
2025-03-09 12:00:00,2146.7,2146.9,2084.67,2097.03,121751.0614
2025-03-09 16:00:00,2097.01,2109.32,1998.0,2040.47,249511.9992
2025-03-09 20:00:00,2040.47,2056.59,1989.66,2020.41,114672.062
2025-03-10 00:00:00,2020.43,2071.0,1995.08,2057.89,102595.4967
2025-03-10 04:00:00,2057.88,2079.33,2054.19,2075.29,41834.9445
2025-03-10 08:00:00,2075.3,2152.4,2047.83,2128.12,160181.7753
2025-03-10 12:00:00,2128.11,2135.98,1997.0,2017.83,239663.5971
2025-03-10 16:00:00,2017.83,2025.3,1810.01,1869.3,566502.5453
2025-03-10 20:00:00,1869.43,1903.99,1843.23,1865.1,137966.9925
2025-03-11 00:00:00,1865.11,1890.46,1754.28,1849.78,363691.2023
2025-03-11 04:00:00,1849.78,1914.25,1845.46,1904.1,125136.8603
2025-03-11 08:00:00,1904.1,1929.68,1899.57,1914.12,121867.722
2025-03-11 12:00:00,1914.12,1962.98,1840.53,1914.49,363557.2205
2025-03-11 16:00:00,1914.49,1963.2,1886.55,1951.91,147786.786
2025-03-11 20:00:00,1951.9,1955.42,1917.17,1923.43,49388.2084
2025-03-12 00:00:00,1923.42,1932.86,1867.09,1868.9,89187.395
2025-03-12 04:00:00,1868.89,1916.66,1852.3,1911.26,110565.4119
2025-03-12 08:00:00,1911.26,1960.0,1871.11,1916.84,215120.8672
2025-03-12 12:00:00,1916.85,1947.0,1829.72,1869.85,248953.4079
2025-03-12 16:00:00,1869.86,1894.72,1862.45,1878.25,73654.1765
2025-03-12 20:00:00,1878.26,1915.95,1873.7,1908.2,51258.4178
2025-03-13 00:00:00,1908.2,1917.12,1882.01,1886.87,52279.6222
2025-03-13 04:00:00,1886.87,1891.5,1858.32,1872.23,70999.1065
2025-03-13 08:00:00,1872.23,1905.38,1853.9,1900.24,122758.5939
2025-03-13 12:00:00,1900.24,1923.09,1864.21,1875.41,175474.8446
2025-03-13 16:00:00,1875.41,1878.1,1821.81,1851.82,103269.565
2025-03-13 20:00:00,1851.73,1883.56,1839.4,1864.59,44755.53
2025-03-14 00:00:00,1864.59,1894.63,1861.31,1889.29,37433.6401
2025-03-14 04:00:00,1889.28,1905.42,1887.73,1893.07,43605.6267
2025-03-14 08:00:00,1893.08,1908.93,1889.5,1902.4,46793.3531
2025-03-14 12:00:00,1902.41,1942.48,1877.69,1922.2,143016.1201
2025-03-14 16:00:00,1922.2,1945.64,1914.19,1934.16,67614.675
2025-03-14 20:00:00,1934.16,1934.94,1908.38,1911.65,37342.3205
2025-03-15 00:00:00,1911.64,1923.37,1903.75,1920.44,30993.0842
2025-03-15 04:00:00,1920.43,1935.21,1914.65,1917.66,33333.6803
2025-03-15 08:00:00,1917.68,1931.87,1912.7,1929.0,29503.127
2025-03-15 12:00:00,1929.0,1939.6,1922.55,1937.83,35518.1072
2025-03-15 16:00:00,1937.84,1948.22,1928.76,1937.31,40092.5507
2025-03-15 20:00:00,1937.32,1957.19,1936.37,1937.17,40105.3181
2025-03-16 00:00:00,1937.18,1940.87,1916.56,1927.52,31212.3097
2025-03-16 04:00:00,1927.52,1934.0,1921.53,1925.89,22661.718
2025-03-16 08:00:00,1925.89,1926.92,1866.9,1874.0,90060.573
2025-03-16 12:00:00,1874.01,1898.33,1873.42,1895.01,53503.7716
2025-03-16 16:00:00,1895.01,1924.11,1860.38,1882.74,86543.0685
2025-03-16 20:00:00,1882.73,1898.63,1870.1,1887.0,40785.2156
2025-03-17 00:00:00,1887.01,1915.44,1886.36,1908.85,41322.9928
2025-03-17 04:00:00,1908.85,1912.99,1879.98,1900.74,38881.3235
2025-03-17 08:00:00,1900.75,1918.42,1893.0,1910.59,37499.8988
2025-03-17 12:00:00,1910.58,1939.03,1888.01,1919.47,107747.907
2025-03-17 16:00:00,1919.47,1952.4,1907.74,1942.23,71315.4844
2025-03-17 20:00:00,1942.22,1949.5,1922.2,1926.31,38072.8812
2025-03-18 00:00:00,1926.3,1930.25,1897.47,1901.17,52066.7245
2025-03-18 04:00:00,1901.17,1910.41,1893.86,1905.06,37720.0428
2025-03-18 08:00:00,1905.05,1913.09,1885.58,1892.43,55602.0709
2025-03-18 12:00:00,1892.42,1903.2,1872.31,1881.02,87278.069
2025-03-18 16:00:00,1881.03,1908.39,1873.6,1904.57,56527.7258
2025-03-18 20:00:00,1904.57,1936.2,1898.65,1931.54,43701.3825
2025-03-19 00:00:00,1931.54,1949.03,1927.58,1938.33,78297.369
2025-03-19 04:00:00,1938.33,1943.14,1930.3,1932.0,51764.9712
2025-03-19 08:00:00,1932.0,2033.79,1931.7,2027.99,177658.3462
2025-03-19 12:00:00,2028.0,2056.99,1994.65,2048.99,153084.4055
2025-03-19 16:00:00,2049.0,2064.91,1997.33,2031.06,179077.3681
2025-03-19 20:00:00,2031.07,2069.9,2028.58,2056.06,51927.0434
2025-03-20 00:00:00,2056.05,2067.9,2020.41,2022.75,55508.5588
2025-03-20 04:00:00,2022.75,2025.6,2005.2,2007.54,56313.6544
2025-03-20 08:00:00,2007.55,2021.27,1972.4,1989.08,83047.3029
2025-03-20 12:00:00,1989.09,2010.66,1965.85,1972.17,86188.1979
2025-03-20 16:00:00,1972.01,1980.26,1952.17,1974.75,92498.9104
2025-03-20 20:00:00,1974.76,1984.88,1971.33,1983.79,27962.3038
2025-03-21 00:00:00,1983.79,1996.73,1973.0,1978.17,36187.0196
2025-03-21 04:00:00,1978.16,1989.95,1966.52,1976.78,32847.9402
2025-03-21 08:00:00,1976.79,1982.33,1956.6,1966.81,43285.7076
2025-03-21 12:00:00,1966.81,1973.99,1937.1,1950.69,70931.0173
2025-03-21 16:00:00,1950.69,1977.9,1946.07,1973.93,51879.2956
2025-03-21 20:00:00,1973.92,1983.4,1962.62,1965.75,27510.6787
2025-03-22 00:00:00,1965.74,1987.23,1964.34,1986.04,30242.4857
2025-03-22 04:00:00,1986.07,1993.1,1983.23,1984.23,22032.5288
2025-03-22 08:00:00,1984.22,2006.61,1981.68,1990.41,42628.2325
2025-03-22 12:00:00,1990.41,1997.75,1981.12,1986.29,29865.6634
2025-03-22 16:00:00,1986.29,2000.0,1982.52,1995.94,21282.0684
2025-03-22 20:00:00,1995.95,2004.3,1974.78,1980.69,24731.9786
2025-03-23 00:00:00,1980.68,2008.73,1976.81,2008.31,30652.622
2025-03-23 04:00:00,2008.32,2019.8,1992.08,2008.04,84722.8166
2025-03-23 08:00:00,2008.04,2020.74,2002.9,2008.01,40446.2429
2025-03-23 12:00:00,2008.01,2020.2,2002.52,2007.06,41764.057
2025-03-23 16:00:00,2007.06,2008.23,1987.5,1996.3,37278.0699
2025-03-23 20:00:00,1996.3,2006.68,1980.77,2005.99,33843.7149
2025-03-24 00:00:00,2005.99,2021.39,1977.67,2014.48,79392.7375
2025-03-24 04:00:00,2014.49,2079.58,2014.49,2069.16,123425.724
2025-03-24 08:00:00,2069.18,2104.11,2068.77,2092.77,82706.6126
2025-03-24 12:00:00,2092.77,2102.49,2073.47,2089.77,85147.898
2025-03-24 16:00:00,2089.76,2101.3,2067.67,2088.71,69700.2774
2025-03-24 20:00:00,2088.71,2095.41,2068.33,2081.2,37539.5659
2025-03-25 00:00:00,2081.2,2097.7,2041.83,2043.26,63776.9053
2025-03-25 04:00:00,2043.25,2066.98,2037.08,2055.55,45714.9026
2025-03-25 08:00:00,2055.56,2075.36,2052.44,2068.68,58564.8607
2025-03-25 12:00:00,2068.68,2080.4,2051.88,2067.67,75513.4319
2025-03-25 16:00:00,2067.67,2083.52,2056.51,2075.64,49556.1643
2025-03-25 20:00:00,2075.64,2082.99,2053.85,2066.15,35639.0644
2025-03-26 00:00:00,2066.16,2079.21,2042.6,2049.07,47785.8977
2025-03-26 04:00:00,2049.06,2071.4,2047.55,2069.25,49512.9513
2025-03-26 08:00:00,2069.26,2075.76,2057.6,2068.51,61640.9566
2025-03-26 12:00:00,2068.52,2070.52,2006.66,2012.27,132460.4999
2025-03-26 16:00:00,2012.27,2022.13,1981.6,1999.92,100130.393
2025-03-26 20:00:00,1999.91,2017.92,1991.85,2009.52,37444.6301
2025-03-27 00:00:00,2009.52,2037.38,2006.78,2031.32,41020.331
2025-03-27 04:00:00,2031.32,2032.87,2020.95,2026.43,27996.1192
2025-03-27 08:00:00,2026.42,2035.92,2012.21,2016.21,54604.8804
2025-03-27 12:00:00,2016.21,2026.32,1987.06,2005.49,124157.286
2025-03-27 16:00:00,2005.48,2015.16,1993.65,2004.08,67723.9446
2025-03-27 20:00:00,2004.13,2020.0,1999.68,2003.66,45132.2771
2025-03-28 00:00:00,2003.67,2015.93,1991.63,1999.84,45959.3744
2025-03-28 04:00:00,1999.84,2004.7,1900.0,1910.21,204560.9423
2025-03-28 08:00:00,1910.21,1925.0,1860.0,1900.48,131084.2217
2025-03-28 12:00:00,1900.47,1903.87,1871.58,1872.13,135936.1364
2025-03-28 16:00:00,1872.13,1887.28,1862.14,1874.16,67418.3875
2025-03-28 20:00:00,1874.17,1902.0,1873.75,1896.9,41208.5209
2025-03-29 00:00:00,1896.9,1913.6,1886.27,1899.83,49911.4913
2025-03-29 04:00:00,1899.84,1904.96,1875.41,1880.14,49183.2001
2025-03-29 08:00:00,1880.14,1887.28,1833.5,1844.55,104293.8926
2025-03-29 12:00:00,1844.55,1863.75,1833.84,1840.24,49507.5742
2025-03-29 16:00:00,1840.24,1848.12,1797.2,1827.5,121732.8898
2025-03-29 20:00:00,1827.5,1830.31,1811.6,1828.08,35140.7075
2025-03-30 00:00:00,1828.09,1844.59,1812.69,1834.39,45627.2749
2025-03-30 04:00:00,1834.39,1846.85,1832.56,1837.74,25482.9237
2025-03-30 08:00:00,1837.74,1849.01,1826.49,1833.27,34404.5555
2025-03-30 12:00:00,1833.28,1839.71,1790.06,1813.75,80088.8278
2025-03-30 16:00:00,1813.76,1834.33,1785.41,1814.22,70663.6853
2025-03-30 20:00:00,1814.22,1821.68,1767.69,1807.74,71576.1804
2025-03-31 00:00:00,1807.74,1823.5,1776.75,1798.32,83766.4283
2025-03-31 04:00:00,1798.32,1813.68,1789.1,1798.92,53143.2359
2025-03-31 08:00:00,1798.91,1819.74,1777.79,1813.43,90571.4839
2025-03-31 12:00:00,1813.43,1854.22,1794.94,1842.23,158823.842
2025-03-31 16:00:00,1842.22,1847.34,1817.23,1827.71,68966.6935
2025-03-31 20:00:00,1827.71,1834.74,1816.4,1822.43,42583.2216
2025-04-01 00:00:00,1822.43,1843.0,1817.88,1835.0,55092.8255
2025-04-01 04:00:00,1835.0,1867.91,1831.95,1854.26,50598.2842
2025-04-01 08:00:00,1854.26,1892.55,1853.93,1862.36,95925.7841
2025-04-01 12:00:00,1862.37,1927.9,1842.42,1918.58,156992.8651
2025-04-01 16:00:00,1918.59,1924.17,1901.5,1910.09,53127.4709
2025-04-01 20:00:00,1910.1,1922.75,1897.13,1904.98,41251.8676
2025-04-02 00:00:00,1904.98,1908.41,1872.39,1876.39,54199.1151
2025-04-02 04:00:00,1876.4,1883.3,1852.0,1865.06,62469.3203
2025-04-02 08:00:00,1865.07,1888.05,1862.62,1868.72,46565.6618
2025-04-02 12:00:00,1868.73,1919.0,1854.27,1901.21,205643.0299
2025-04-02 16:00:00,1901.21,1916.1,1882.22,1911.45,91870.8888
2025-04-02 20:00:00,1911.45,1957.0,1781.53,1795.22,290092.7664
2025-04-03 00:00:00,1795.21,1834.88,1788.97,1824.46,86309.6716
2025-04-03 04:00:00,1824.47,1845.26,1807.13,1815.31,63173.4782
2025-04-03 08:00:00,1815.31,1824.18,1787.23,1795.13,68000.455
2025-04-03 12:00:00,1795.13,1800.52,1750.0,1782.27,183694.3886
2025-04-03 16:00:00,1782.26,1799.15,1767.23,1787.12,61798.8036
2025-04-03 20:00:00,1787.11,1821.84,1779.78,1817.23,45098.221
2025-04-04 00:00:00,1817.23,1823.12,1771.11,1792.91,71533.8066
2025-04-04 04:00:00,1792.91,1821.82,1784.17,1817.93,44350.2635
2025-04-04 08:00:00,1817.94,1835.68,1758.72,1783.88,126091.5891
2025-04-04 12:00:00,1783.88,1821.0,1769.45,1795.24,190281.9269
2025-04-04 16:00:00,1795.24,1828.9,1783.25,1810.21,99784.1323
2025-04-04 20:00:00,1810.21,1827.99,1807.52,1816.87,40692.7518
2025-04-05 00:00:00,1816.88,1827.29,1809.39,1810.01,24960.4779
2025-04-05 04:00:00,1810.01,1815.75,1803.99,1813.22,19521.7579
2025-04-05 08:00:00,1813.22,1822.04,1806.56,1807.34,27693.9316
2025-04-05 12:00:00,1807.34,1808.3,1777.93,1782.01,57339.1196
2025-04-05 16:00:00,1782.01,1795.38,1780.0,1782.17,20889.6367
2025-04-05 20:00:00,1782.17,1810.04,1764.39,1806.01,51311.3459
2025-04-06 00:00:00,1806.02,1817.0,1801.78,1809.81,24843.9304
2025-04-06 04:00:00,1809.81,1813.55,1791.49,1797.69,28106.5655
2025-04-06 08:00:00,1797.7,1798.2,1783.0,1789.19,36956.075
2025-04-06 12:00:00,1789.19,1792.09,1735.0,1759.55,126184.7151
2025-04-06 16:00:00,1759.56,1760.06,1602.0,1626.24,394747.5662
2025-04-06 20:00:00,1626.24,1631.18,1537.5,1580.76,369008.2436
2025-04-07 00:00:00,1580.77,1614.2,1520.78,1543.69,231470.3874
2025-04-07 04:00:00,1543.69,1561.41,1411.01,1460.15,606711.8104
2025-04-07 08:00:00,1460.15,1520.83,1455.63,1483.11,289167.8855
2025-04-07 12:00:00,1483.11,1639.0,1478.12,1556.56,745901.0133
2025-04-07 16:00:00,1556.56,1572.7,1526.0,1545.41,211504.8219
2025-04-07 20:00:00,1545.47,1585.5,1545.06,1553.04,84040.0882
2025-04-08 00:00:00,1553.04,1618.67,1541.04,1584.71,108270.5369
2025-04-08 04:00:00,1584.71,1602.27,1561.89,1570.83,90041.615
2025-04-08 08:00:00,1570.83,1590.08,1554.37,1588.32,79592.2855
2025-04-08 12:00:00,1588.32,1593.47,1518.29,1531.77,195381.2018
2025-04-08 16:00:00,1531.76,1533.08,1454.63,1466.67,296007.5833
2025-04-08 20:00:00,1466.67,1486.2,1441.3,1473.41,122552.9102
2025-04-09 00:00:00,1473.41,1482.28,1385.05,1418.8,348901.6501
2025-04-09 04:00:00,1418.79,1492.02,1414.77,1483.43,231481.7066
2025-04-09 08:00:00,1483.45,1496.55,1445.07,1455.33,225142.4451
2025-04-09 12:00:00,1455.33,1501.27,1440.2,1485.26,274260.0992
2025-04-09 16:00:00,1485.26,1673.29,1481.97,1640.92,728405.2382
2025-04-09 20:00:00,1640.93,1689.0,1640.56,1669.51,160339.7746
2025-04-10 00:00:00,1669.51,1669.85,1601.76,1617.01,126397.4019
2025-04-10 04:00:00,1617.0,1626.14,1583.31,1595.81,104597.0239
2025-04-10 08:00:00,1595.81,1606.86,1581.36,1594.81,87134.1256
2025-04-10 12:00:00,1594.8,1640.0,1483.6,1495.98,325823.9029
2025-04-10 16:00:00,1495.97,1532.2,1471.02,1514.67,206611.5545
2025-04-10 20:00:00,1514.6,1533.7,1514.16,1522.25,61291.3846
2025-04-11 00:00:00,1522.24,1550.6,1504.63,1544.61,94058.3669
2025-04-11 04:00:00,1544.61,1562.8,1541.04,1553.04,69184.0419
2025-04-11 08:00:00,1553.05,1585.0,1538.14,1558.79,139182.3495
2025-04-11 12:00:00,1558.8,1581.44,1541.48,1565.44,148755.5345
2025-04-11 16:00:00,1565.44,1591.47,1555.87,1565.79,83844.1242
2025-04-11 20:00:00,1565.79,1586.97,1558.7,1566.85,43459.9013
2025-04-12 00:00:00,1566.85,1569.79,1546.06,1554.4,48549.479
2025-04-12 04:00:00,1554.4,1585.23,1550.5,1582.05,48725.5648
2025-04-12 08:00:00,1582.04,1606.41,1581.0,1594.06,68189.6049
2025-04-12 12:00:00,1594.06,1669.59,1590.7,1655.87,184898.5365
2025-04-12 16:00:00,1655.88,1662.33,1628.24,1642.63,96645.472
2025-04-12 20:00:00,1642.64,1659.93,1641.24,1644.18,54859.2461
2025-04-13 00:00:00,1644.19,1649.75,1606.55,1624.53,75377.2782
2025-04-13 04:00:00,1624.52,1624.66,1597.47,1613.5,57240.2926
2025-04-13 08:00:00,1613.51,1628.2,1592.58,1604.28,72537.0065
2025-04-13 12:00:00,1604.29,1609.3,1566.11,1586.62,107308.5997
2025-04-13 16:00:00,1586.61,1649.04,1562.01,1590.25,173502.9478
2025-04-13 20:00:00,1590.25,1617.08,1572.24,1597.76,94170.4897
2025-04-14 00:00:00,1597.76,1660.32,1595.56,1629.59,126833.3588
2025-04-14 04:00:00,1629.6,1642.19,1612.63,1635.57,68892.4749
2025-04-14 08:00:00,1635.58,1691.5,1629.34,1675.32,140481.582
2025-04-14 12:00:00,1675.32,1689.59,1619.34,1627.93,157297.7459
2025-04-14 16:00:00,1627.94,1651.51,1615.0,1636.58,105039.3429
2025-04-14 20:00:00,1636.58,1638.18,1606.01,1623.77,47385.6374
2025-04-15 00:00:00,1623.78,1643.7,1614.8,1637.89,66593.4424
2025-04-15 04:00:00,1637.9,1648.47,1632.06,1644.84,49772.8016
2025-04-15 08:00:00,1644.83,1651.96,1622.47,1632.05,71974.1557
2025-04-15 12:00:00,1632.06,1661.21,1601.36,1621.02,167803.8185
2025-04-15 16:00:00,1621.01,1627.99,1597.17,1606.96,64876.56
2025-04-15 20:00:00,1606.95,1614.78,1583.12,1588.78,55158.1133
2025-04-16 00:00:00,1588.77,1604.4,1576.5,1591.04,53725.2608
2025-04-16 04:00:00,1591.04,1593.66,1551.18,1564.28,98012.8235
2025-04-16 08:00:00,1564.28,1586.1,1556.7,1584.17,61135.9591
2025-04-16 12:00:00,1584.18,1613.66,1566.28,1590.69,127938.4349
2025-04-16 16:00:00,1590.7,1612.83,1538.07,1588.6,208530.8318
2025-04-16 20:00:00,1588.61,1598.15,1570.0,1577.14,62044.5585
2025-04-17 00:00:00,1577.15,1595.57,1574.69,1584.91,59911.5347
2025-04-17 04:00:00,1584.91,1610.53,1580.99,1601.6,65643.7644
2025-04-17 08:00:00,1601.6,1604.23,1588.65,1593.27,44240.9551
2025-04-17 12:00:00,1593.27,1603.19,1563.2,1583.17,93211.0273
2025-04-17 16:00:00,1583.17,1616.96,1577.02,1581.45,147342.5624
2025-04-17 20:00:00,1581.44,1591.84,1579.0,1583.62,39520.5189
2025-04-18 00:00:00,1583.63,1589.19,1577.23,1584.15,38792.3674
2025-04-18 04:00:00,1584.14,1585.19,1573.54,1584.09,41086.5907
2025-04-18 08:00:00,1584.1,1592.82,1582.3,1590.67,30494.132
2025-04-18 12:00:00,1590.67,1597.2,1579.09,1583.17,40691.5035
2025-04-18 16:00:00,1583.17,1595.18,1581.8,1593.31,25174.1423
2025-04-18 20:00:00,1593.31,1600.64,1587.01,1588.6,24170.3
2025-04-19 00:00:00,1588.6,1600.26,1585.01,1597.76,31072.3981
2025-04-19 04:00:00,1597.75,1613.48,1595.33,1600.94,43084.6831
2025-04-19 08:00:00,1600.94,1606.4,1594.07,1596.79,30170.2623
2025-04-19 12:00:00,1596.8,1612.29,1595.05,1607.28,39041.6232
2025-04-19 16:00:00,1607.28,1631.81,1598.5,1614.79,58737.7878
2025-04-19 20:00:00,1614.8,1622.37,1611.06,1613.27,20989.6354
2025-04-20 00:00:00,1613.26,1619.19,1608.0,1611.87,27425.144
2025-04-20 04:00:00,1611.87,1617.65,1586.6,1597.46,47330.5051
2025-04-20 08:00:00,1597.46,1597.61,1565.59,1572.62,86979.4597
2025-04-20 12:00:00,1572.61,1584.04,1571.1,1573.5,41804.6085
2025-04-20 16:00:00,1573.51,1587.97,1571.49,1586.17,28189.3136
2025-04-20 20:00:00,1586.19,1600.75,1574.68,1587.36,44323.1997
2025-04-21 00:00:00,1587.36,1645.45,1586.18,1634.54,160608.8717
2025-04-21 04:00:00,1634.55,1658.75,1631.3,1645.92,114675.8872
2025-04-21 08:00:00,1645.92,1655.0,1617.85,1626.34,77595.4377
2025-04-21 12:00:00,1626.34,1641.82,1608.6,1623.3,110419.6288
2025-04-21 16:00:00,1623.3,1626.09,1564.07,1573.7,175835.5597
2025-04-21 20:00:00,1573.7,1580.75,1571.35,1579.57,52351.2816
2025-04-22 00:00:00,1579.57,1593.73,1537.26,1579.22,144649.1612
2025-04-22 04:00:00,1579.22,1624.0,1574.0,1619.21,119131.8864
2025-04-22 08:00:00,1619.2,1638.16,1613.01,1631.03,118180.9271
2025-04-22 12:00:00,1631.03,1725.81,1626.85,1703.01,390160.8683
2025-04-22 16:00:00,1703.0,1710.66,1683.08,1698.22,117017.3822
2025-04-22 20:00:00,1698.22,1778.0,1691.68,1756.26,213896.7334
2025-04-23 00:00:00,1756.25,1807.56,1744.95,1795.49,193263.6182
2025-04-23 04:00:00,1795.49,1818.18,1773.93,1792.11,180484.4026
2025-04-23 08:00:00,1792.1,1812.2,1779.2,1797.23,119675.4843
2025-04-23 12:00:00,1797.22,1834.86,1761.62,1794.6,272006.8304
2025-04-23 16:00:00,1794.6,1810.0,1774.47,1786.03,88340.4333
2025-04-23 20:00:00,1786.03,1806.91,1785.73,1795.07,33774.8628
2025-04-24 00:00:00,1795.08,1802.82,1766.52,1768.18,68766.2419
2025-04-24 04:00:00,1768.16,1776.34,1751.27,1756.25,76239.2484
2025-04-24 08:00:00,1756.25,1760.7,1722.9,1755.1,111964.6432
2025-04-24 12:00:00,1755.1,1777.77,1744.4,1764.62,106855.2798
2025-04-24 16:00:00,1764.62,1777.5,1746.04,1763.1,76360.5962
2025-04-24 20:00:00,1763.1,1774.84,1749.04,1769.65,43279.029
2025-04-25 00:00:00,1769.64,1790.5,1738.6,1760.89,91446.8365
2025-04-25 04:00:00,1760.89,1781.88,1758.14,1777.18,56655.5164
2025-04-25 08:00:00,1777.17,1793.29,1764.29,1790.49,94062.5482
2025-04-25 12:00:00,1790.49,1827.32,1757.25,1806.48,225511.8462
2025-04-25 16:00:00,1806.48,1810.89,1782.4,1802.16,81938.4927
2025-04-25 20:00:00,1802.16,1809.4,1783.85,1784.6,45995.6494
2025-04-26 00:00:00,1784.6,1815.81,1784.6,1797.48,79135.7111
2025-04-26 04:00:00,1797.48,1810.88,1789.0,1800.49,35833.049
2025-04-26 08:00:00,1800.49,1841.16,1778.94,1785.85,115929.7567
2025-04-26 12:00:00,1785.86,1804.0,1780.1,1800.2,53171.575
2025-04-26 16:00:00,1800.2,1814.89,1795.86,1813.08,28122.1042
2025-04-26 20:00:00,1813.08,1831.09,1805.51,1820.88,42875.8482
2025-04-27 00:00:00,1820.87,1857.47,1801.02,1809.75,125776.6408
2025-04-27 04:00:00,1809.75,1811.6,1790.27,1803.76,45935.8597
2025-04-27 08:00:00,1803.75,1815.52,1801.56,1805.94,32043.3556
2025-04-27 12:00:00,1805.94,1808.1,1781.9,1793.86,65995.6124
2025-04-27 16:00:00,1793.85,1808.47,1787.31,1808.01,32862.3788
2025-04-27 20:00:00,1808.01,1808.26,1784.59,1791.29,37718.7962
2025-04-28 00:00:00,1791.29,1793.83,1752.18,1784.23,110341.6608
2025-04-28 04:00:00,1784.23,1812.08,1784.23,1804.79,63071.9581
2025-04-28 08:00:00,1804.8,1827.98,1788.3,1816.2,95744.5566
2025-04-28 12:00:00,1816.2,1816.97,1753.0,1763.28,143536.7345
2025-04-28 16:00:00,1763.27,1804.79,1744.71,1797.17,119073.3187
2025-04-28 20:00:00,1797.17,1807.0,1781.16,1799.88,55501.5143
2025-04-29 00:00:00,1799.88,1811.56,1787.89,1802.08,60533.1763
2025-04-29 04:00:00,1802.07,1824.94,1788.16,1821.71,77348.4406
2025-04-29 08:00:00,1821.71,1842.99,1816.92,1829.77,104234.231
2025-04-29 12:00:00,1829.76,1833.42,1802.02,1814.99,100591.997
2025-04-29 16:00:00,1814.99,1832.49,1807.48,1821.65,64099.1139
2025-04-29 20:00:00,1821.66,1825.69,1780.47,1797.81,73649.4296
2025-04-30 00:00:00,1797.81,1813.09,1788.9,1808.91,47523.1618
2025-04-30 04:00:00,1808.92,1813.0,1791.1,1796.37,38807.935
2025-04-30 08:00:00,1796.37,1816.8,1792.8,1815.7,43373.0871
2025-04-30 12:00:00,1815.69,1816.4,1731.7,1764.74,215011.5837
2025-04-30 16:00:00,1764.73,1792.97,1756.07,1786.69,67778.2644
2025-04-30 20:00:00,1786.7,1809.72,1784.61,1793.61,61029.9557
2025-05-01 00:00:00,1793.62,1819.0,1792.52,1807.99,54356.6699
2025-05-01 04:00:00,1807.99,1816.9,1802.14,1810.6,34775.7602
2025-05-01 08:00:00,1810.59,1859.23,1808.8,1845.58,136551.2761
2025-05-01 12:00:00,1845.58,1873.17,1825.2,1852.99,206809.7762
2025-05-01 16:00:00,1853.0,1870.25,1838.49,1842.82,71303.5178
2025-05-01 20:00:00,1842.89,1851.01,1833.5,1838.11,33401.7289
2025-05-02 00:00:00,1838.1,1851.3,1835.1,1847.74,36438.5546
2025-05-02 04:00:00,1847.74,1851.79,1816.22,1816.32,77200.0537
2025-05-02 08:00:00,1816.33,1835.53,1813.0,1833.39,64205.9035
2025-05-02 12:00:00,1833.39,1854.5,1823.34,1841.12,115720.8477
2025-05-02 16:00:00,1841.11,1871.0,1831.7,1839.68,86400.4395
2025-05-02 20:00:00,1839.68,1848.5,1832.49,1842.2,30702.076
2025-05-03 00:00:00,1842.2,1843.05,1826.58,1834.8,28605.7458
2025-05-03 04:00:00,1834.8,1839.3,1824.6,1826.41,26200.2165
2025-05-03 08:00:00,1826.41,1830.51,1817.63,1824.1,38880.361
2025-05-03 12:00:00,1824.1,1840.12,1823.74,1834.53,35406.8381
2025-05-03 16:00:00,1834.53,1839.2,1810.0,1838.21,47650.4581
2025-05-03 20:00:00,1838.21,1848.6,1828.4,1833.52,37007.9784
2025-05-04 00:00:00,1833.52,1849.6,1826.44,1831.89,37409.3894
2025-05-04 04:00:00,1831.89,1849.95,1829.66,1840.98,39293.2904
2025-05-04 08:00:00,1840.98,1841.34,1822.0,1827.6,41649.5415
2025-05-04 12:00:00,1827.61,1833.99,1818.57,1830.8,34143.7207
2025-05-04 16:00:00,1830.81,1833.49,1822.08,1828.4,26733.0632
2025-05-04 20:00:00,1828.4,1842.15,1803.0,1808.86,59025.3512
2025-05-05 00:00:00,1808.86,1818.49,1781.85,1794.51,86015.2042
2025-05-05 04:00:00,1794.5,1829.84,1792.82,1826.59,49441.4363
2025-05-05 08:00:00,1826.58,1831.55,1798.3,1804.63,57907.623
2025-05-05 12:00:00,1804.64,1815.63,1794.47,1800.99,63242.5831
2025-05-05 16:00:00,1801.0,1828.5,1800.78,1816.44,43543.1002
2025-05-05 20:00:00,1816.44,1833.55,1799.52,1820.19,42191.061
2025-05-06 00:00:00,1820.19,1820.9,1792.49,1806.35,48765.2187
2025-05-06 04:00:00,1806.35,1809.26,1797.78,1806.03,24102.5412
2025-05-06 08:00:00,1806.03,1806.1,1757.34,1769.92,79861.629
2025-05-06 12:00:00,1769.92,1779.68,1752.0,1770.09,85715.8416
2025-05-06 16:00:00,1770.09,1798.8,1762.16,1784.79,59655.6448
2025-05-06 20:00:00,1784.8,1819.41,1765.5,1817.0,86483.3698
2025-05-07 00:00:00,1817.0,1850.0,1814.59,1826.48,125977.3463
2025-05-07 04:00:00,1826.48,1838.43,1824.57,1838.24,38011.0468
2025-05-07 08:00:00,1838.23,1847.05,1830.51,1836.35,56688.7297
2025-05-07 12:00:00,1836.35,1837.1,1814.29,1817.31,78534.1832
2025-05-07 16:00:00,1817.32,1818.01,1787.01,1795.82,105311.2281
2025-05-07 20:00:00,1795.83,1825.44,1789.12,1811.11,51647.5364
2025-05-08 00:00:00,1811.11,1906.77,1808.71,1901.1,182304.831
2025-05-08 04:00:00,1901.09,1943.83,1892.2,1928.4,174077.6779
2025-05-08 08:00:00,1928.4,1968.72,1925.9,1957.63,155279.6357
2025-05-08 12:00:00,1957.64,2075.65,1954.27,2051.3,369909.7122
2025-05-08 16:00:00,2051.3,2140.0,2036.64,2117.83,238215.6027
2025-05-08 20:00:00,2117.83,2226.0,2111.6,2207.39,353365.2265
2025-05-09 00:00:00,2207.39,2245.03,2184.33,2205.06,197091.8523
2025-05-09 04:00:00,2205.06,2393.0,2202.8,2364.09,322754.4291
2025-05-09 08:00:00,2364.09,2490.77,2292.12,2351.29,688883.9006
2025-05-09 12:00:00,2351.29,2388.23,2271.5,2301.3,271184.0811
2025-05-09 16:00:00,2301.28,2355.2,2274.33,2331.57,129993.1001
2025-05-09 20:00:00,2331.58,2352.0,2322.65,2345.04,57133.675
2025-05-10 00:00:00,2345.04,2380.66,2317.0,2339.89,72245.2312
2025-05-10 04:00:00,2339.89,2417.13,2326.66,2400.0,121392.4906
2025-05-10 08:00:00,2400.01,2435.72,2360.0,2384.75,221266.4512
2025-05-10 12:00:00,2384.76,2448.88,2384.76,2433.46,138173.1596
2025-05-10 16:00:00,2433.46,2512.42,2428.93,2499.48,222169.8609
2025-05-10 20:00:00,2499.49,2600.0,2469.1,2583.23,204102.9671
2025-05-11 00:00:00,2583.22,2608.13,2504.27,2537.63,191294.7124
2025-05-11 04:00:00,2537.62,2562.47,2453.92,2473.22,187762.0232
2025-05-11 08:00:00,2473.22,2535.46,2472.2,2530.67,108511.1259
2025-05-11 12:00:00,2530.67,2532.09,2435.51,2462.51,152835.3762
2025-05-11 16:00:00,2462.55,2525.4,2440.25,2508.02,123750.4647
2025-05-11 20:00:00,2508.02,2528.52,2483.33,2514.57,67430.6864
2025-05-12 00:00:00,2514.58,2548.85,2490.75,2520.0,107789.0359
2025-05-12 04:00:00,2520.01,2624.0,2486.8,2554.77,244402.2228
2025-05-12 08:00:00,2554.78,2585.83,2522.0,2530.59,153519.4558
2025-05-12 12:00:00,2530.58,2576.29,2478.0,2486.92,278494.7566
2025-05-12 16:00:00,2486.91,2512.36,2406.63,2460.36,211087.0722
2025-05-12 20:00:00,2460.35,2500.36,2452.26,2495.47,73388.4
2025-05-13 00:00:00,2495.48,2495.79,2415.3,2424.8,110339.1684
2025-05-13 04:00:00,2424.8,2480.0,2420.0,2460.72,82218.1177
2025-05-13 08:00:00,2460.73,2525.5,2451.25,2513.39,115595.9445
2025-05-13 12:00:00,2513.39,2573.87,2491.81,2566.21,215856.7475
2025-05-13 16:00:00,2566.21,2738.5,2560.01,2690.94,347310.3376
2025-05-13 20:00:00,2690.93,2707.62,2654.21,2679.71,160035.3308
2025-05-14 00:00:00,2679.71,2725.99,2622.99,2646.82,257279.4041
2025-05-14 04:00:00,2646.82,2687.75,2636.59,2640.76,107100.5467
2025-05-14 08:00:00,2640.75,2645.95,2577.48,2624.94,186139.4657
2025-05-14 12:00:00,2624.93,2636.15,2559.19,2597.49,143036.0868
2025-05-14 16:00:00,2597.49,2617.5,2547.26,2605.1,91850.496
2025-05-14 20:00:00,2605.03,2614.05,2583.99,2609.74,44641.1129
2025-05-15 00:00:00,2609.75,2647.03,2566.91,2574.93,118326.6199
2025-05-15 04:00:00,2574.93,2596.49,2515.69,2531.0,117822.453
2025-05-15 08:00:00,2530.99,2567.65,2517.53,2554.71,110523.8637
2025-05-15 12:00:00,2554.71,2579.61,2476.03,2563.76,203590.318
2025-05-15 16:00:00,2563.77,2603.59,2511.77,2530.98,143149.7719
2025-05-15 20:00:00,2531.0,2564.33,2512.06,2548.69,75541.0067
2025-05-16 00:00:00,2548.7,2584.62,2534.2,2581.35,78973.7415
2025-05-16 04:00:00,2581.4,2619.99,2564.0,2601.5,102489.8746
2025-05-16 08:00:00,2601.5,2649.31,2558.12,2620.83,145031.4625
2025-05-16 12:00:00,2620.82,2623.25,2573.8,2594.93,148721.2722
2025-05-16 16:00:00,2594.93,2602.01,2570.0,2591.8,63870.4425
2025-05-16 20:00:00,2591.89,2592.74,2529.4,2537.12,66866.8986
2025-05-17 00:00:00,2537.13,2538.16,2452.6,2496.98,179817.7157
2025-05-17 04:00:00,2497.0,2513.51,2474.93,2492.89,69826.1384
2025-05-17 08:00:00,2492.9,2496.2,2466.59,2481.67,58703.2416
2025-05-17 12:00:00,2481.67,2486.64,2446.42,2474.48,68534.1761
2025-05-17 16:00:00,2474.48,2488.69,2448.27,2470.19,62248.9258
2025-05-17 20:00:00,2470.18,2495.45,2453.26,2475.08,55203.0806
2025-05-18 00:00:00,2475.09,2487.44,2467.75,2477.2,33903.8121
2025-05-18 04:00:00,2477.2,2515.44,2477.2,2509.3,46436.55
2025-05-18 08:00:00,2509.29,2528.55,2498.11,2501.75,60946.9309
2025-05-18 12:00:00,2501.74,2587.61,2488.02,2578.99,119513.8117
2025-05-18 16:00:00,2579.0,2584.0,2403.33,2408.2,270494.374
2025-05-18 20:00:00,2408.2,2511.27,2323.21,2497.78,278807.7064
2025-05-19 00:00:00,2497.78,2513.67,2379.8,2385.31,164347.1386
2025-05-19 04:00:00,2385.32,2413.11,2348.38,2403.74,148408.0227
2025-05-19 08:00:00,2403.74,2422.69,2390.12,2417.58,86572.2101
2025-05-19 12:00:00,2417.58,2473.7,2383.8,2466.63,153649.8023
2025-05-19 16:00:00,2466.63,2547.36,2450.86,2518.82,201749.9999
2025-05-19 20:00:00,2518.81,2534.52,2492.43,2528.14,107020.3494
2025-05-20 00:00:00,2528.14,2588.63,2510.72,2553.3,153200.7856
2025-05-20 04:00:00,2553.29,2578.0,2521.9,2532.3,99367.8058
2025-05-20 08:00:00,2532.3,2540.0,2492.58,2514.2,74634.3571
2025-05-20 12:00:00,2514.2,2515.38,2464.56,2482.79,117320.7002
2025-05-20 16:00:00,2482.78,2511.46,2442.4,2501.28,132395.1503
2025-05-20 20:00:00,2501.29,2541.03,2485.1,2524.19,100070.3757
2025-05-21 00:00:00,2524.19,2554.5,2509.0,2544.98,94538.6309
2025-05-21 04:00:00,2544.98,2615.95,2534.52,2551.87,184170.6385
2025-05-21 08:00:00,2551.87,2562.15,2515.38,2536.65,101973.1883
2025-05-21 12:00:00,2536.64,2582.18,2522.22,2567.01,196379.57
2025-05-21 16:00:00,2567.02,2615.34,2452.2,2512.79,394137.9188
2025-05-21 20:00:00,2512.75,2597.92,2486.25,2550.99,124690.3437
2025-05-22 00:00:00,2551.0,2647.8,2544.83,2629.24,193398.7709
2025-05-22 04:00:00,2629.24,2647.5,2602.78,2635.19,186391.5049
2025-05-22 08:00:00,2635.19,2692.99,2627.32,2650.75,187811.6911
2025-05-22 12:00:00,2650.75,2679.99,2623.14,2664.48,143113.8209
2025-05-22 16:00:00,2664.48,2676.3,2626.37,2634.51,81782.0817
2025-05-22 20:00:00,2634.68,2665.9,2627.85,2664.82,60057.7974
2025-05-23 00:00:00,2664.83,2734.23,2645.16,2722.0,187067.1541
2025-05-23 04:00:00,2722.0,2725.96,2651.35,2655.2,136416.5241
2025-05-23 08:00:00,2655.2,2689.21,2551.0,2566.79,174275.1796
2025-05-23 12:00:00,2566.78,2591.95,2498.3,2568.53,287915.0191
2025-05-23 16:00:00,2568.53,2587.18,2545.91,2560.98,95376.1828
2025-05-23 20:00:00,2560.97,2562.4,2503.66,2526.5,90392.3935
2025-05-24 00:00:00,2526.49,2556.73,2515.08,2549.99,57804.475
2025-05-24 04:00:00,2550.0,2563.5,2535.08,2546.99,35663.2606
2025-05-24 08:00:00,2546.99,2575.85,2545.22,2563.31,43777.2332
2025-05-24 12:00:00,2563.32,2565.41,2543.51,2555.64,43615.7389
2025-05-24 16:00:00,2555.64,2567.38,2543.86,2554.47,29640.3749
2025-05-24 20:00:00,2554.48,2556.57,2517.65,2530.4,47043.1518
2025-05-25 00:00:00,2530.41,2539.5,2476.0,2512.78,94625.0126
2025-05-25 04:00:00,2512.79,2518.75,2487.22,2494.39,34574.3928
2025-05-25 08:00:00,2494.4,2502.19,2463.0,2497.91,73532.6991
2025-05-25 12:00:00,2497.91,2524.9,2479.24,2511.7,62833.3505
2025-05-25 16:00:00,2511.69,2535.66,2496.1,2526.6,35833.8594
2025-05-25 20:00:00,2526.6,2554.26,2507.65,2551.22,58490.7155
2025-05-26 00:00:00,2551.22,2577.0,2536.84,2560.3,79035.4012
2025-05-26 04:00:00,2560.29,2599.0,2557.3,2580.8,62048.7781
2025-05-26 08:00:00,2580.79,2582.7,2553.24,2568.08,50205.7588
2025-05-26 12:00:00,2568.08,2574.43,2539.23,2565.99,74983.034
2025-05-26 16:00:00,2566.0,2573.3,2525.86,2541.22,54080.3119
2025-05-26 20:00:00,2541.21,2584.65,2536.57,2563.7,42617.8342
2025-05-27 00:00:00,2563.7,2573.5,2509.46,2549.25,69713.0364
2025-05-27 04:00:00,2549.26,2619.48,2548.99,2607.59,197681.4542
2025-05-27 08:00:00,2607.6,2655.0,2607.59,2652.64,142343.8069
2025-05-27 12:00:00,2652.64,2683.87,2633.36,2668.2,187321.8228
2025-05-27 16:00:00,2668.2,2712.36,2658.36,2687.53,134840.7342
2025-05-27 20:00:00,2687.53,2694.12,2652.26,2660.81,66530.0317
2025-05-28 00:00:00,2660.81,2661.79,2618.34,2645.37,90117.4687
2025-05-28 04:00:00,2645.38,2652.57,2623.85,2636.39,53442.2005
2025-05-28 08:00:00,2636.39,2659.01,2608.5,2656.99,79915.2726
2025-05-28 12:00:00,2656.99,2689.14,2613.2,2626.9,163925.6089
2025-05-28 16:00:00,2626.9,2664.35,2615.32,2617.79,97533.2399
2025-05-28 20:00:00,2617.8,2686.4,2612.04,2681.6,75161.8927
2025-05-29 00:00:00,2681.61,2788.0,2669.01,2762.5,229259.2567
2025-05-29 04:00:00,2762.5,2766.8,2701.28,2731.28,126662.7696
2025-05-29 08:00:00,2731.29,2744.42,2707.1,2715.83,87809.0759
2025-05-29 12:00:00,2715.82,2718.6,2621.92,2643.68,199941.4085
2025-05-29 16:00:00,2643.68,2673.48,2628.99,2650.12,102620.318
2025-05-29 20:00:00,2650.12,2668.95,2619.05,2631.39,65274.4258
2025-05-30 00:00:00,2631.39,2645.23,2557.07,2631.19,155006.0398
2025-05-30 04:00:00,2631.19,2649.23,2606.8,2618.26,98621.6797
2025-05-30 08:00:00,2618.27,2628.1,2588.16,2622.04,94347.7511
2025-05-30 12:00:00,2622.04,2626.3,2572.56,2598.21,158089.2625
2025-05-30 16:00:00,2598.21,2604.28,2533.2,2574.41,150402.1797
2025-05-30 20:00:00,2574.41,2589.85,2507.35,2531.34,106578.3436
2025-05-31 00:00:00,2531.35,2539.98,2475.33,2513.98,168287.9684
2025-05-31 04:00:00,2513.98,2526.5,2504.63,2521.11,44367.3462
2025-05-31 08:00:00,2521.11,2538.45,2508.04,2519.61,49679.8374
2025-05-31 12:00:00,2519.61,2550.14,2515.95,2536.3,66920.1415
2025-05-31 16:00:00,2536.29,2547.99,2523.36,2537.4,29163.6348
2025-05-31 20:00:00,2537.39,2550.34,2524.41,2528.06,36118.3238
2025-06-01 00:00:00,2528.06,2530.38,2492.0,2513.3,70533.988
2025-06-01 04:00:00,2513.3,2527.28,2505.87,2509.0,27878.1156
2025-06-01 08:00:00,2509.0,2510.75,2477.77,2497.35,54403.224
2025-06-01 12:00:00,2497.35,2524.99,2468.56,2523.23,59879.6014
2025-06-01 16:00:00,2523.23,2547.79,2493.49,2526.38,77247.3012
2025-06-01 20:00:00,2526.38,2547.59,2519.42,2539.21,42079.4786
2025-06-02 00:00:00,2539.2,2541.71,2485.65,2496.31,62064.6801
2025-06-02 04:00:00,2496.3,2513.97,2483.37,2506.94,46755.833
2025-06-02 08:00:00,2506.94,2515.92,2475.0,2480.94,72369.9377
2025-06-02 12:00:00,2480.93,2556.74,2477.88,2544.39,117634.5723
2025-06-02 16:00:00,2544.39,2565.56,2524.8,2532.44,84111.6306
2025-06-02 20:00:00,2532.45,2615.0,2532.2,2607.41,85953.32
2025-06-03 00:00:00,2607.42,2649.91,2589.3,2603.39,131030.6321
2025-06-03 04:00:00,2603.38,2620.75,2589.91,2609.99,51167.9653
2025-06-03 08:00:00,2610.0,2620.34,2594.79,2601.78,52849.5399
2025-06-03 12:00:00,2601.78,2655.38,2598.02,2623.58,102211.9356
2025-06-03 16:00:00,2623.58,2628.57,2602.56,2625.16,59674.1095
2025-06-03 20:00:00,2625.19,2625.61,2575.0,2593.36,57448.8615
2025-06-04 00:00:00,2593.35,2640.83,2583.5,2627.9,61798.9202
2025-06-04 04:00:00,2627.89,2644.77,2619.3,2627.74,62938.1514
2025-06-04 08:00:00,2627.75,2650.0,2624.0,2624.4,63468.9201
2025-06-04 12:00:00,2624.41,2679.88,2594.49,2667.93,172701.2856
2025-06-04 16:00:00,2667.92,2669.59,2622.22,2623.72,77307.5958
2025-06-04 20:00:00,2623.72,2625.1,2599.11,2607.68,64279.9483
2025-06-05 00:00:00,2607.68,2632.47,2601.25,2624.99,40676.0642
2025-06-05 04:00:00,2625.0,2634.46,2601.08,2604.08,61524.8808
2025-06-05 08:00:00,2604.09,2613.72,2580.88,2608.01,59838.8406
2025-06-05 12:00:00,2608.01,2640.86,2562.85,2589.43,182112.4377
2025-06-05 16:00:00,2589.44,2591.59,2506.4,2528.96,157136.102
2025-06-05 20:00:00,2528.96,2535.7,2391.66,2414.01,307649.7091
2025-06-06 00:00:00,2414.02,2457.12,2381.49,2455.71,152999.571
2025-06-06 04:00:00,2455.7,2468.55,2446.68,2455.64,89808.4824
2025-06-06 08:00:00,2455.64,2493.82,2454.01,2476.15,74073.1256
2025-06-06 12:00:00,2476.15,2531.36,2466.45,2509.63,148482.2253
2025-06-06 16:00:00,2509.62,2518.38,2483.22,2484.02,70686.2465
2025-06-06 20:00:00,2484.02,2507.06,2472.71,2476.1,42793.8466
2025-06-07 00:00:00,2476.1,2493.47,2457.0,2488.98,53068.2557
2025-06-07 04:00:00,2488.99,2502.0,2480.0,2491.28,46296.7577
2025-06-07 08:00:00,2491.27,2501.4,2482.11,2495.75,29169.0092
2025-06-07 12:00:00,2495.76,2523.61,2492.81,2519.75,56362.6484
2025-06-07 16:00:00,2519.75,2525.79,2506.69,2517.31,41024.5351
2025-06-07 20:00:00,2517.3,2544.36,2517.3,2524.63,38866.4682
2025-06-08 00:00:00,2524.64,2525.92,2508.08,2511.72,37219.908
2025-06-08 04:00:00,2511.72,2519.9,2508.32,2514.45,20757.6078
2025-06-08 08:00:00,2514.45,2521.13,2490.58,2513.51,56611.4709
2025-06-08 12:00:00,2513.5,2527.35,2500.21,2514.44,40763.927
2025-06-08 16:00:00,2514.44,2540.5,2512.62,2532.56,54196.2283
2025-06-08 20:00:00,2532.56,2548.63,2500.0,2509.83,56925.5719
2025-06-09 00:00:00,2509.84,2511.79,2482.15,2496.86,64068.886
2025-06-09 04:00:00,2496.85,2496.85,2477.73,2491.77,38565.8381
2025-06-09 08:00:00,2491.77,2547.17,2484.47,2541.79,105670.6597
2025-06-09 12:00:00,2541.78,2548.9,2509.94,2534.11,85277.028
2025-06-09 16:00:00,2534.11,2590.0,2534.1,2580.59,102931.886
2025-06-09 20:00:00,2580.58,2693.99,2575.72,2680.13,172212.0047
2025-06-10 00:00:00,2680.13,2726.78,2675.16,2688.88,195206.6267
2025-06-10 04:00:00,2688.89,2699.27,2655.61,2677.35,105454.7733
2025-06-10 08:00:00,2677.36,2798.76,2670.0,2773.64,225740.6996
2025-06-10 12:00:00,2773.64,2778.7,2690.0,2732.95,268487.1119
2025-06-10 16:00:00,2732.96,2806.0,2728.75,2773.68,164966.529
2025-06-10 20:00:00,2773.69,2827.0,2734.93,2816.4,178549.737
2025-06-11 00:00:00,2816.41,2834.86,2771.8,2791.06,101757.4584
2025-06-11 04:00:00,2791.07,2804.03,2780.15,2791.59,63641.1196
2025-06-11 08:00:00,2791.6,2793.57,2754.0,2772.25,77665.6327
2025-06-11 12:00:00,2772.26,2879.22,2764.1,2865.21,303126.4741
2025-06-11 16:00:00,2865.2,2875.72,2801.5,2813.35,187028.7991
2025-06-11 20:00:00,2813.32,2831.21,2743.75,2771.61,116991.4485
2025-06-12 00:00:00,2771.6,2784.83,2746.49,2765.08,90556.9862
2025-06-12 04:00:00,2765.08,2777.21,2733.68,2741.0,83213.918
2025-06-12 08:00:00,2740.99,2762.11,2720.38,2729.8,89210.6044
2025-06-12 12:00:00,2729.8,2773.21,2711.94,2719.79,146462.3222
2025-06-12 16:00:00,2719.79,2771.0,2690.93,2695.0,116051.0025
2025-06-12 20:00:00,2695.0,2703.6,2616.24,2642.65,174098.5424
2025-06-13 00:00:00,2642.66,2645.45,2436.98,2514.33,583148.633
2025-06-13 04:00:00,2514.32,2542.26,2492.0,2526.45,161519.4877
2025-06-13 08:00:00,2526.46,2545.55,2506.84,2545.4,115082.6187
2025-06-13 12:00:00,2545.41,2563.24,2502.9,2551.27,167730.5337
2025-06-13 16:00:00,2551.28,2585.2,2510.0,2527.72,118497.7656
2025-06-13 20:00:00,2527.72,2583.24,2524.19,2579.19,56197.2585
2025-06-14 00:00:00,2579.19,2579.43,2547.03,2548.76,64282.3801
2025-06-14 04:00:00,2548.76,2556.62,2525.72,2537.5,36813.2957
2025-06-14 08:00:00,2537.5,2539.79,2518.51,2538.52,40689.0778
2025-06-14 12:00:00,2538.51,2546.19,2504.95,2519.42,56895.4673
2025-06-14 16:00:00,2519.41,2526.11,2488.72,2507.5,88407.3102
2025-06-14 20:00:00,2507.5,2540.19,2496.58,2530.76,44351.3967
2025-06-15 00:00:00,2530.77,2540.99,2524.77,2530.1,26111.501
2025-06-15 04:00:00,2530.11,2553.08,2522.54,2528.61,46103.4273
2025-06-15 08:00:00,2528.61,2529.97,2508.45,2516.1,40898.7941
2025-06-15 12:00:00,2516.1,2554.96,2516.0,2541.81,63323.117
2025-06-15 16:00:00,2541.81,2559.51,2531.09,2536.79,44829.9693
2025-06-15 20:00:00,2536.79,2549.96,2492.0,2547.61,78434.8537
2025-06-16 00:00:00,2547.62,2579.0,2514.85,2568.25,87899.7186
2025-06-16 04:00:00,2568.25,2638.5,2566.61,2628.68,125755.977
2025-06-16 08:00:00,2628.69,2633.8,2592.6,2617.01,85218.9976
2025-06-16 12:00:00,2617.01,2657.9,2604.7,2632.25,113016.5695
2025-06-16 16:00:00,2632.24,2670.56,2627.62,2660.53,79211.7335
2025-06-16 20:00:00,2660.54,2680.34,2535.0,2544.17,189326.9918
2025-06-17 00:00:00,2544.17,2618.6,2524.54,2607.4,134766.9166
2025-06-17 04:00:00,2607.4,2610.49,2570.24,2582.26,71480.3659
2025-06-17 08:00:00,2582.25,2585.47,2541.6,2552.19,94184.3788
2025-06-17 12:00:00,2552.18,2567.97,2482.53,2499.0,163583.0522
2025-06-17 16:00:00,2499.01,2543.75,2453.8,2528.36,178174.7294
2025-06-17 20:00:00,2528.36,2534.36,2492.07,2509.95,73740.9652
2025-06-18 00:00:00,2509.95,2536.82,2504.55,2527.95,53251.4578
2025-06-18 04:00:00,2527.96,2546.91,2517.82,2533.55,43397.4947
2025-06-18 08:00:00,2533.54,2548.42,2488.27,2513.86,74243.8829
2025-06-18 12:00:00,2513.86,2538.7,2465.78,2508.96,143304.8759
2025-06-18 16:00:00,2508.96,2519.37,2467.12,2492.42,125864.4019
2025-06-18 20:00:00,2492.42,2537.48,2482.7,2525.0,64470.0686
2025-06-19 00:00:00,2525.0,2546.91,2506.2,2525.43,50666.9692
2025-06-19 04:00:00,2525.44,2531.23,2514.44,2518.99,25325.6687
2025-06-19 08:00:00,2518.99,2544.81,2518.99,2531.83,42387.306
2025-06-19 12:00:00,2531.82,2536.83,2490.0,2492.97,55400.4016
2025-06-19 16:00:00,2492.97,2523.0,2485.03,2504.87,39512.2462
2025-06-19 20:00:00,2504.87,2532.0,2502.99,2521.12,39353.4673
2025-06-20 00:00:00,2521.13,2531.49,2512.45,2517.19,31393.7018
2025-06-20 04:00:00,2517.2,2550.44,2503.64,2549.64,51587.8045
2025-06-20 08:00:00,2549.64,2569.0,2541.03,2549.65,67594.7504
2025-06-20 12:00:00,2549.64,2559.55,2487.56,2493.78,121310.6626
2025-06-20 16:00:00,2493.78,2496.2,2367.36,2414.85,287925.9928
2025-06-20 20:00:00,2414.84,2437.6,2381.96,2406.49,72214.9114
2025-06-21 00:00:00,2406.49,2432.11,2395.99,2425.59,40790.6059
2025-06-21 04:00:00,2425.59,2428.41,2419.0,2426.85,20369.1082
2025-06-21 08:00:00,2426.85,2448.8,2423.51,2442.75,51774.242
2025-06-21 12:00:00,2442.75,2445.2,2412.29,2423.59,49701.538
2025-06-21 16:00:00,2423.59,2428.23,2382.25,2384.76,59605.916
2025-06-21 20:00:00,2384.76,2409.42,2216.0,2295.73,274542.4539
2025-06-22 00:00:00,2295.72,2314.48,2246.25,2264.58,166578.0486
2025-06-22 04:00:00,2264.58,2298.22,2261.93,2270.68,57009.1072
2025-06-22 08:00:00,2270.69,2280.0,2236.05,2273.0,72607.0
2025-06-22 12:00:00,2273.0,2287.0,2156.21,2174.91,292034.3633
2025-06-22 16:00:00,2174.9,2219.95,2170.8,2183.78,89014.7447
2025-06-22 20:00:00,2183.79,2237.23,2111.89,2227.7,162912.5657
2025-06-23 00:00:00,2227.7,2260.42,2222.3,2234.68,68795.3555
2025-06-23 04:00:00,2234.67,2275.67,2227.89,2258.88,70994.6973
2025-06-23 08:00:00,2258.87,2274.7,2238.68,2253.37,49645.3616
2025-06-23 12:00:00,2253.38,2313.53,2232.45,2248.54,136331.6908
2025-06-23 16:00:00,2248.53,2325.16,2188.0,2312.77,220903.2916
2025-06-23 20:00:00,2312.77,2438.68,2303.79,2411.66,197913.4035
2025-06-24 00:00:00,2411.66,2418.09,2389.31,2398.51,77312.5382
2025-06-24 04:00:00,2398.51,2434.82,2391.2,2393.31,82496.9021
2025-06-24 08:00:00,2393.31,2449.14,2376.11,2409.44,111376.6709
2025-06-24 12:00:00,2409.44,2454.73,2402.89,2438.1,105117.6792
2025-06-24 16:00:00,2438.11,2482.04,2417.22,2434.24,105632.5355
2025-06-24 20:00:00,2434.23,2450.41,2430.7,2448.45,34824.3362
2025-06-25 00:00:00,2448.46,2468.69,2436.62,2444.38,42639.6986
2025-06-25 04:00:00,2444.38,2450.66,2424.21,2444.54,44534.8769
2025-06-25 08:00:00,2444.55,2448.47,2407.63,2428.95,83084.6157
2025-06-25 12:00:00,2428.96,2446.59,2389.69,2405.68,141883.7007
2025-06-25 16:00:00,2405.69,2440.0,2401.37,2432.79,61107.3493
2025-06-25 20:00:00,2432.79,2454.98,2408.02,2418.49,41644.4975
2025-06-26 00:00:00,2418.5,2520.92,2416.99,2488.78,136035.3947
2025-06-26 04:00:00,2488.79,2500.56,2467.14,2489.89,52296.5835
2025-06-26 08:00:00,2489.88,2500.4,2440.0,2450.36,65119.1136
2025-06-26 12:00:00,2450.35,2459.49,2409.51,2433.03,111170.2777
2025-06-26 16:00:00,2433.04,2442.91,2418.2,2435.87,40389.0057
2025-06-26 20:00:00,2435.86,2457.32,2394.32,2415.96,58693.6509
2025-06-27 00:00:00,2415.96,2448.84,2382.53,2446.97,77786.3549
2025-06-27 04:00:00,2446.98,2459.53,2434.63,2442.31,73097.8158
2025-06-27 08:00:00,2442.3,2463.54,2435.25,2447.25,65938.1952
2025-06-27 12:00:00,2447.25,2456.92,2414.15,2438.25,67273.5894
2025-06-27 16:00:00,2438.26,2449.44,2388.29,2412.67,58701.6025
2025-06-27 20:00:00,2412.67,2429.47,2411.54,2423.17,38677.2082
2025-06-28 00:00:00,2423.17,2423.91,2405.81,2420.93,22573.1079
2025-06-28 04:00:00,2420.93,2433.86,2417.86,2431.76,25863.0167
2025-06-28 08:00:00,2431.77,2432.44,2419.65,2427.42,35720.7253
2025-06-28 12:00:00,2427.42,2443.0,2420.0,2436.09,23960.841
2025-06-28 16:00:00,2436.1,2447.8,2431.64,2433.22,33334.2293
2025-06-28 20:00:00,2433.21,2442.21,2427.44,2435.62,14363.0657
2025-06-29 00:00:00,2435.62,2442.77,2424.65,2427.86,21222.2303
2025-06-29 04:00:00,2427.87,2440.5,2426.64,2440.5,14615.4811
2025-06-29 08:00:00,2440.51,2463.88,2438.33,2462.25,54997.0646
2025-06-29 12:00:00,2462.24,2463.48,2432.88,2436.68,38138.631
2025-06-29 16:00:00,2436.69,2442.55,2429.58,2437.96,21035.621
2025-06-29 20:00:00,2437.97,2525.0,2412.0,2500.09,134282.7777
2025-06-30 00:00:00,2500.09,2524.3,2495.17,2499.21,79654.3745
2025-06-30 04:00:00,2499.2,2505.31,2456.37,2480.59,66271.4295
2025-06-30 08:00:00,2480.6,2486.64,2446.68,2458.52,59663.3951
2025-06-30 12:00:00,2458.51,2488.0,2431.0,2474.78,95201.2301
2025-06-30 16:00:00,2474.77,2518.49,2461.88,2515.71,85849.3761
2025-06-30 20:00:00,2515.71,2522.17,2482.54,2485.47,53815.9087
2025-07-01 00:00:00,2485.47,2500.8,2477.44,2485.42,35064.2225
2025-07-01 04:00:00,2485.43,2485.91,2445.45,2465.03,57251.4543
2025-07-01 08:00:00,2465.03,2465.04,2440.0,2449.06,59693.7098
2025-07-01 12:00:00,2449.05,2456.55,2406.7,2423.54,96182.0218
2025-07-01 16:00:00,2423.54,2434.0,2400.0,2402.87,45021.1484
2025-07-01 20:00:00,2402.87,2418.57,2386.52,2405.01,58738.53
2025-07-02 00:00:00,2405.01,2432.41,2373.0,2430.55,51415.4396
2025-07-02 04:00:00,2430.55,2454.7,2425.47,2447.03,53917.342
2025-07-02 08:00:00,2447.03,2459.99,2441.7,2445.7,51333.2834
2025-07-02 12:00:00,2445.69,2502.85,2431.56,2498.81,100535.9703
2025-07-02 16:00:00,2498.82,2607.71,2495.03,2604.73,259492.6934
2025-07-02 20:00:00,2604.73,2619.28,2569.14,2570.41,118272.305
2025-07-03 00:00:00,2570.41,2587.54,2556.12,2561.23,66739.9117
2025-07-03 04:00:00,2561.22,2605.74,2559.34,2600.18,65796.6558
2025-07-03 08:00:00,2600.19,2616.96,2581.58,2597.59,83170.9032
2025-07-03 12:00:00,2597.58,2635.5,2565.46,2570.52,191424.4306
2025-07-03 16:00:00,2570.52,2592.43,2565.31,2586.02,62365.8684
2025-07-03 20:00:00,2586.02,2603.6,2585.69,2591.25,35445.8895
2025-07-04 00:00:00,2591.26,2603.17,2571.56,2577.93,39051.4838
2025-07-04 04:00:00,2577.93,2584.64,2530.3,2534.9,78695.4357
2025-07-04 08:00:00,2534.9,2558.66,2527.37,2549.21,48106.8639
2025-07-04 12:00:00,2549.2,2555.96,2498.36,2500.52,116758.4969
2025-07-04 16:00:00,2500.52,2503.5,2474.24,2482.58,130796.5218
2025-07-04 20:00:00,2482.57,2520.85,2481.21,2508.04,39184.2179
2025-07-05 00:00:00,2508.04,2524.92,2498.63,2518.24,25534.4243
2025-07-05 04:00:00,2518.24,2529.81,2512.63,2521.31,18659.4764
2025-07-05 08:00:00,2521.32,2526.45,2508.83,2518.11,22957.673
2025-07-05 12:00:00,2518.11,2521.98,2505.35,2507.67,30633.266
2025-07-05 16:00:00,2507.67,2512.95,2487.95,2505.74,41908.6321
2025-07-05 20:00:00,2505.73,2522.52,2498.28,2516.41,17504.624
2025-07-06 00:00:00,2516.42,2520.84,2509.47,2514.77,16689.3617
2025-07-06 04:00:00,2514.78,2526.66,2508.66,2517.85,22907.8942
2025-07-06 08:00:00,2517.85,2518.44,2503.5,2516.14,24935.4266
2025-07-06 12:00:00,2516.14,2570.0,2511.94,2558.72,80738.4177
2025-07-06 16:00:00,2558.71,2560.81,2523.33,2541.06,46446.2339
2025-07-06 20:00:00,2541.05,2605.0,2540.06,2570.35,85876.2978
2025-07-07 00:00:00,2570.35,2590.57,2550.46,2577.42,43450.6801
2025-07-07 04:00:00,2577.41,2580.64,2560.0,2578.34,31939.7374
2025-07-07 08:00:00,2578.33,2588.42,2552.57,2562.99,42870.5631
2025-07-07 12:00:00,2562.99,2569.12,2527.5,2533.81,87925.5273
2025-07-07 16:00:00,2533.81,2557.49,2512.0,2543.97,82559.972
2025-07-07 20:00:00,2543.97,2545.45,2523.33,2542.29,26961.0473
2025-07-08 00:00:00,2542.3,2554.56,2523.59,2538.34,45379.9257
2025-07-08 04:00:00,2538.33,2563.8,2532.0,2553.42,41418.5715
2025-07-08 08:00:00,2553.42,2585.38,2543.33,2575.15,47897.3718
2025-07-08 12:00:00,2575.16,2600.62,2557.86,2564.68,77029.4018
2025-07-08 16:00:00,2564.68,2628.21,2559.68,2610.61,124670.1733
2025-07-08 20:00:00,2610.61,2617.7,2596.85,2615.25,34520.288
2025-07-09 00:00:00,2615.25,2626.72,2589.78,2591.75,36059.8945
2025-07-09 04:00:00,2591.74,2647.0,2590.98,2624.86,65726.3541
2025-07-09 08:00:00,2624.86,2630.31,2604.37,2626.43,48393.0511
2025-07-09 12:00:00,2626.43,2674.81,2623.95,2656.83,174568.8613
2025-07-09 16:00:00,2656.84,2795.74,2652.41,2765.01,218869.8532
2025-07-09 20:00:00,2765.01,2783.16,2731.72,2768.74,142501.363
2025-07-10 00:00:00,2768.74,2798.0,2755.5,2776.13,83700.9931
2025-07-10 04:00:00,2776.13,2823.18,2765.53,2791.09,153381.5099
2025-07-10 08:00:00,2791.08,2797.0,2772.0,2778.69,80534.4173
2025-07-10 12:00:00,2778.69,2795.0,2758.78,2769.32,104583.5693
2025-07-10 16:00:00,2769.32,2840.69,2769.03,2816.21,174872.027
2025-07-10 20:00:00,2816.21,3000.0,2813.13,2951.29,354823.5534
2025-07-11 00:00:00,2951.29,2975.0,2913.75,2969.74,129986.2632
2025-07-11 04:00:00,2969.75,3029.55,2946.02,2968.49,205429.0153
2025-07-11 08:00:00,2968.81,3040.15,2963.51,2984.0,176478.9336
2025-07-11 12:00:00,2984.01,3009.64,2939.36,2951.09,183069.2994
2025-07-11 16:00:00,2951.09,3010.39,2936.46,3007.6,121178.0576
2025-07-11 20:00:00,3007.6,3010.0,2923.32,2958.22,90697.5998
2025-07-12 00:00:00,2958.21,2970.85,2932.0,2966.09,47769.6089
2025-07-12 04:00:00,2966.1,2977.94,2937.7,2962.85,54739.0406
2025-07-12 08:00:00,2962.84,2979.78,2957.51,2963.39,48317.1794
2025-07-12 12:00:00,2963.39,2967.59,2903.85,2916.05,113763.8372
2025-07-12 16:00:00,2916.05,2945.83,2910.49,2941.18,42874.7113
2025-07-12 20:00:00,2941.18,2948.0,2915.0,2943.28,41420.5103
2025-07-13 00:00:00,2943.29,2960.7,2936.49,2955.1,32411.5886
2025-07-13 04:00:00,2955.11,2967.97,2949.64,2962.94,29321.3817
2025-07-13 08:00:00,2962.95,2965.66,2944.49,2964.58,33777.469
2025-07-13 12:00:00,2964.57,3020.31,2958.92,2992.43,129614.6883
2025-07-13 16:00:00,2992.43,3010.65,2962.65,2989.45,59449.3596
2025-07-13 20:00:00,2989.46,2998.92,2940.24,2972.03,72759.0144
2025-07-14 00:00:00,2972.03,3051.26,2962.81,3037.36,125331.2348
2025-07-14 04:00:00,3037.35,3065.57,3016.91,3045.02,176067.3527
2025-07-14 08:00:00,3045.02,3083.0,3023.08,3051.72,153682.6878
2025-07-14 12:00:00,3051.71,3068.33,2993.2,3012.49,173256.291
2025-07-14 16:00:00,3012.48,3029.96,2983.0,3000.33,121773.2371
2025-07-14 20:00:00,3000.35,3018.88,2980.97,3013.62,65441.8462
2025-07-15 00:00:00,3013.61,3023.2,2932.46,2951.8,137032.5847
2025-07-15 04:00:00,2951.79,2995.89,2934.83,2977.49,98226.7001
2025-07-15 08:00:00,2977.5,2989.25,2958.84,2981.11,60092.5512
2025-07-15 12:00:00,2981.12,3067.43,2967.0,3039.93,244113.4454
2025-07-15 16:00:00,3039.94,3097.32,3032.35,3040.88,223763.2107
2025-07-15 20:00:00,3040.87,3144.14,3029.63,3137.89,100355.2456
2025-07-16 00:00:00,3137.9,3152.53,3103.17,3115.99,107060.7869
2025-07-16 04:00:00,3116.0,3175.0,3101.0,3162.45,110053.9263
2025-07-16 08:00:00,3162.44,3173.47,3143.81,3150.5,97381.3174
2025-07-16 12:00:00,3150.49,3265.44,3147.46,3244.49,278582.4246
2025-07-16 16:00:00,3244.48,3384.23,3235.0,3384.23,329179.6876
2025-07-16 20:00:00,3384.22,3425.0,3344.0,3371.35,213692.4403
2025-07-17 00:00:00,3371.35,3398.18,3310.77,3330.14,136566.2565
2025-07-17 04:00:00,3330.13,3468.0,3320.0,3447.9,159797.002
2025-07-17 08:00:00,3447.9,3480.19,3425.49,3433.29,156281.7676
2025-07-17 12:00:00,3433.3,3439.64,3361.2,3420.49,187960.2841
2025-07-17 16:00:00,3420.49,3455.54,3364.43,3412.33,143203.4818
2025-07-17 20:00:00,3412.32,3523.44,3372.51,3476.87,190257.0344
2025-07-18 00:00:00,3476.88,3626.57,3458.68,3596.4,250277.7388
2025-07-18 04:00:00,3596.4,3673.84,3576.0,3604.1,239600.3676
2025-07-18 08:00:00,3604.1,3628.12,3582.41,3610.24,150319.7932
2025-07-18 12:00:00,3610.23,3671.5,3530.0,3563.68,278381.8867
2025-07-18 16:00:00,3563.68,3583.4,3547.96,3579.06,24462.6633
